Team,No,Position,Player,Date_of_Birth,Age,Caps,Goals,Club
Czech Republic,,GK,Matěj Kovář,"May 17, 2000",26,19,0,PSV Eindhoven
Czech Republic,,GK,Jindřich Staněk,"April 27, 1996",30,14,0,Slavia Prague
Czech Republic,,GK,Lukáš Horníček,"July 13, 2002",23,1,0,Braga
Czech Republic,,DF,Vladimír Coufal,"August 22, 1992",33,61,2,TSG Hoffenheim
Czech Republic,,DF,Tomáš Holeš,"March 31, 1993",33,40,2,Slavia Prague
Czech Republic,,DF,Ladislav Krejčí (captain),"April 20, 1999",27,26,5,Wolverhampton Wanderers
Czech Republic,,DF,David Zima,"November 8, 2000",25,24,1,Slavia Prague
Czech Republic,,DF,Jaroslav Zelený,"August 20, 1992",33,22,0,Sparta Prague
Czech Republic,,DF,David Jurásek,"August 7, 2000",25,17,1,Slavia Prague
Czech Republic,,DF,David Douděra,"May 31, 1998",28,16,2,Slavia Prague
Czech Republic,,DF,Robin Hranáč,"January 29, 2000",26,13,1,TSG Hoffenheim
Czech Republic,,DF,Štěpán Chaloupek,"March 8, 2003",23,4,0,Slavia Prague
Czech Republic,,MF,Tomáš Souček,"February 27, 1995",31,89,17,West Ham United
Czech Republic,,MF,Vladimír Darida,"August 8, 1990",35,78,8,Hradec Králové
Czech Republic,,MF,Lukáš Provod,"October 23, 1996",29,37,3,Slavia Prague
Czech Republic,,MF,Michal Sadílek,"May 31, 1999",27,34,1,Slavia Prague
Czech Republic,,MF,Pavel Šulc,"December 29, 2000",25,20,5,Lyon
Czech Republic,,MF,Lukáš Červ,"April 10, 2001",25,16,2,Viktoria Plzeň
Czech Republic,,MF,Hugo Sochůrek,"June 7, 2008",18,1,0,Sparta Prague
Czech Republic,,MF,Alexandr Sojka,"April 2, 2003",23,1,0,Viktoria Plzeň
Czech Republic,,MF,Denis Višinský,"March 21, 2003",23,1,0,Viktoria Plzeň
Czech Republic,,FW,Patrik Schick,"January 24, 1996",30,52,25,Bayer Leverkusen
Czech Republic,,FW,Adam Hložek,"July 25, 2002",23,42,5,TSG Hoffenheim
Czech Republic,,FW,Jan Kuchta,"January 8, 1997",29,31,3,Sparta Prague
Czech Republic,,FW,Mojmír Chytil,"April 29, 1999",27,22,6,Slavia Prague
Czech Republic,,FW,Tomáš Chorý,"January 26, 1995",31,21,6,Slavia Prague
Mexico,,GK,Guillermo Ochoa,"July 13, 1985",40,152,0,AEL Limassol
Mexico,,GK,Raúl Rangel,"February 25, 2000",26,13,0,Guadalajara
Mexico,,GK,Carlos Acevedo,"April 19, 1996",30,7,0,Santos Laguna
Mexico,,DF,Jesús Gallardo,"August 15, 1994",31,120,3,Toluca
Mexico,,DF,César Montes,"February 24, 1997",29,66,4,Lokomotiv Moscow
Mexico,,DF,Jorge Sánchez,"December 10, 1997",28,58,3,PAOK
Mexico,,DF,Johan Vásquez,"October 22, 1998",27,45,2,Genoa
Mexico,,DF,Israel Reyes,"May 23, 2000",26,33,2,América
Mexico,,DF,Mateo Chávez,"May 11, 2004",22,9,0,AZ
Mexico,,MF,Edson Álvarez (captain),"October 24, 1997",28,97,7,Fenerbahçe
Mexico,,MF,Orbelín Pineda,"March 24, 1996",30,91,12,AEK Athens
Mexico,,MF,Roberto Alvarado,"September 7, 1998",27,66,5,Guadalajara
Mexico,,MF,Luis Romo,"June 5, 1995",31,62,4,Guadalajara
Mexico,,MF,Luis Chávez,"January 15, 1996",30,44,4,Dynamo Moscow
Mexico,,MF,Érik Lira,"May 8, 2000",26,24,0,Cruz Azul
Mexico,,MF,Gilberto Mora,"October 14, 2008",17,7,0,Tijuana
Mexico,,MF,Brian Gutiérrez,"June 17, 2003",22,6,2,Guadalajara
Mexico,,MF,Obed Vargas,"August 5, 2005",20,6,0,Atlético Madrid
Mexico,,MF,Álvaro Fidalgo,"April 9, 1997",29,3,0,Real Betis
Mexico,,FW,Raúl Jiménez,"May 5, 1991",35,123,44,Fulham
Mexico,,FW,Alexis Vega,"November 25, 1997",28,51,7,Toluca
Mexico,,FW,Santiago Giménez,"April 18, 2001",25,47,6,Milan
Mexico,,FW,César Huerta,"December 3, 2000",25,26,3,Anderlecht
Mexico,,FW,Julián Quiñones,"March 24, 1997",29,21,2,Al-Qadsiah
Mexico,,FW,Guillermo Martínez,"March 15, 1995",31,11,3,UNAM
Mexico,,FW,Armando González,"April 20, 2003",23,7,1,Guadalajara
South Africa,,GK,Ronwen Williams (captain),"January 21, 1992",34,62,0,Mamelodi Sundowns
South Africa,,GK,Ricardo Goss,"April 2, 1994",32,4,0,Siwelele
South Africa,,GK,Sipho Chaine,"December 14, 1996",29,3,0,Orlando Pirates
South Africa,,DF,Aubrey Modiba,"July 22, 1995",30,44,3,Mamelodi Sundowns
South Africa,,DF,Khuliso Mudau,"April 26, 1995",31,32,1,Mamelodi Sundowns
South Africa,,DF,Nkosinathi Sibisi,"September 22, 1995",30,19,0,Orlando Pirates
South Africa,,DF,Mbekezeli Mbokazi,"September 19, 2005",20,10,1,Chicago Fire FC
South Africa,,DF,Ime Okon,"February 20, 2004",22,7,1,Hannover 96
South Africa,,DF,Samukele Kabini,"March 15, 2004",22,5,0,Molde
South Africa,,DF,Khulumani Ndamane,"February 5, 2004",22,5,0,Mamelodi Sundowns
South Africa,,DF,Thabang Matuludi,"January 14, 1999",27,2,0,Polokwane City
South Africa,,DF,Kamogelo Sebelebele,"July 21, 2002",23,2,0,Orlando Pirates
South Africa,,DF,Bradley Cross,"January 30, 2001",25,0,0,Kaizer Chiefs
South Africa,,DF,Olwethu Makhanya,"April 30, 2004",22,0,0,Philadelphia Union
South Africa,,MF,Teboho Mokoena,"January 24, 1997",29,51,9,Mamelodi Sundowns
South Africa,,MF,Sphephelo Sithole,"March 3, 1999",27,27,1,Tondela
South Africa,,MF,Thalente Mbatha,"March 6, 2000",26,14,3,Orlando Pirates
South Africa,,MF,Jayden Adams,"May 5, 2001",25,4,0,Mamelodi Sundowns
South Africa,,FW,Themba Zwane,"August 3, 1989",36,53,12,Mamelodi Sundowns
South Africa,,FW,Lyle Foster,"May 9, 2000",26,26,10,Burnley
South Africa,,FW,Evidence Makgopa,"June 5, 2000",26,26,6,Orlando Pirates
South Africa,,FW,Oswin Appollis,"August 25, 2001",24,25,8,Orlando Pirates
South Africa,,FW,Iqraam Rayners,"December 19, 1995",30,13,4,Mamelodi Sundowns
South Africa,,FW,Relebohile Mofokeng,"October 23, 2004",21,12,0,Orlando Pirates
South Africa,,FW,Thapelo Maseko,"November 11, 2003",22,9,1,AEL Limassol
South Africa,,FW,Tshepang Moremi,"October 2, 2000",25,9,1,Orlando Pirates
South Korea,,GK,Kim Seung-gyu,"September 30, 1990",35,86,0,FC Tokyo
South Korea,,GK,Jo Hyeon-woo,"September 25, 1991",34,48,0,Ulsan HD
South Korea,,GK,Song Bum-keun,"October 15, 1997",28,2,0,Jeonbuk Hyundai Motors
South Korea,,DF,Kim Min-jae,"November 15, 1996",29,78,4,Bayern Munich
South Korea,,DF,Kim Moon-hwan,"August 1, 1995",30,35,0,Daejeon Hana Citizen
South Korea,,DF,Seol Young-woo,"December 5, 1998",27,33,0,Red Star Belgrade
South Korea,,DF,Lee Tae-seok,"July 28, 2002",23,14,1,Austria Wien
South Korea,,DF,Park Jin-seob,"October 23, 1995",30,13,1,Zhejiang
South Korea,,DF,Kim Tae-hyeon,"September 17, 2000",25,7,0,Kashima Antlers
South Korea,,DF,Lee Han-beom,"June 17, 2002",23,7,0,Midtjylland
South Korea,,DF,Jens Castrop,"July 29, 2003",22,6,0,Borussia Mönchengladbach
South Korea,,DF,Lee Ki-hyuk,"July 7, 2000",25,2,0,Gangwon FC
South Korea,,DF,Cho Wi-je,"August 25, 2001",24,0,0,Jeonbuk Hyundai Motors
South Korea,,MF,Lee Jae-sung,"August 10, 1992",33,104,15,Mainz 05
South Korea,,MF,Hwang Hee-chan,"January 26, 1996",30,78,17,Wolverhampton Wanderers
South Korea,,MF,Hwang In-beom,"September 20, 1996",29,72,6,Feyenoord
South Korea,,MF,Lee Kang-in,"February 19, 2001",25,46,11,Paris Saint-Germain
South Korea,,MF,Paik Seung-ho,"March 17, 1997",29,26,3,Birmingham City
South Korea,,MF,Kim Jin-gyu,"February 24, 1997",29,21,3,Jeonbuk Hyundai Motors
South Korea,,MF,Lee Dong-gyeong,"September 20, 1997",28,17,3,Ulsan HD
South Korea,,MF,Bae Jun-ho,"August 21, 2003",22,13,2,Stoke City
South Korea,,MF,Eom Ji-sung,"May 9, 2002",24,9,2,Swansea City
South Korea,,MF,Yang Hyun-jun,"May 25, 2002",24,8,0,Celtic
South Korea,,FW,Son Heung-min (captain),"July 8, 1992",33,143,56,Los Angeles FC
South Korea,,FW,Cho Gue-sung,"January 25, 1998",28,43,12,Midtjylland
South Korea,,FW,Oh Hyeon-gyu,"April 12, 2001",25,26,6,Beşiktaş
Bosnia and Herzegovina,,GK,Nikola Vasilj,"December 2, 1995",30,25,0,FC St. Pauli
Bosnia and Herzegovina,,GK,Martin Zlomislić,"August 16, 1998",27,3,0,Rijeka
Bosnia and Herzegovina,,GK,Osman Hadžikić,"March 12, 1996",30,0,0,Slaven Belupo
Bosnia and Herzegovina,,DF,Sead Kolašinac,"June 20, 1993",32,64,0,Atalanta
Bosnia and Herzegovina,,DF,Dennis Hadžikadunić,"July 9, 1998",27,31,0,Sampdoria
Bosnia and Herzegovina,,DF,Amar Dedić,"August 18, 2002",23,27,1,Benfica
Bosnia and Herzegovina,,DF,Nikola Katić,"October 10, 1996",29,16,1,Schalke 04
Bosnia and Herzegovina,,DF,Tarik Muharemović,"February 28, 2003",23,13,1,Sassuolo
Bosnia and Herzegovina,,DF,Nihad Mujakić,"April 15, 1998",28,11,1,Gaziantep
Bosnia and Herzegovina,,DF,Stjepan Radeljić,"September 5, 1997",28,5,0,Rijeka
Bosnia and Herzegovina,,DF,Nidal Čelik,"July 17, 2006",19,1,0,Lens
Bosnia and Herzegovina,,MF,Amir Hadžiahmetović,"March 8, 1997",29,35,0,Hull City
Bosnia and Herzegovina,,MF,Benjamin Tahirović,"March 3, 2003",23,27,2,Brøndby
Bosnia and Herzegovina,,MF,Armin Gigović,"April 6, 2002",24,19,1,Young Boys
Bosnia and Herzegovina,,MF,Dženis Burnić,"May 22, 1998",28,19,0,Karlsruher SC
Bosnia and Herzegovina,,MF,Ivan Bašić,"April 30, 2002",24,16,0,Astana
Bosnia and Herzegovina,,MF,Esmir Bajraktarević,"March 10, 2005",21,15,1,PSV Eindhoven
Bosnia and Herzegovina,,MF,Amar Memić,"January 20, 2001",25,12,1,Viktoria Plzeň
Bosnia and Herzegovina,,MF,Ivan Šunjić,"October 9, 1996",29,11,0,Pafos
Bosnia and Herzegovina,,MF,Kerim Alajbegović,"September 21, 2007",18,9,1,Red Bull Salzburg
Bosnia and Herzegovina,,MF,Ermin Mahmić,"March 14, 2005",21,1,0,Slovan Liberec
Bosnia and Herzegovina,,FW,Edin Džeko (captain),"March 17, 1986",40,148,73,Schalke 04
Bosnia and Herzegovina,,FW,Ermedin Demirović,"March 25, 1998",28,39,4,VfB Stuttgart
Bosnia and Herzegovina,,FW,Samed Baždar,"January 31, 2004",22,12,1,Jagiellonia Białystok
Bosnia and Herzegovina,,FW,Haris Tabaković,"June 20, 1994",31,10,4,Borussia Mönchengladbach
Bosnia and Herzegovina,,FW,Jovo Lukić,"November 28, 1998",27,2,0,Universitatea Cluj
Canada,1,GK,Dayne St. Clair,"May 9, 1997",29,19,0,Inter Miami CF
Canada,2,DF,Alistair Johnston,"October 8, 1998",27,56,1,Celtic
Canada,3,DF,Luc de Fougerolles,"October 12, 2005",20,11,0,Dender
Canada,4,DF,Alfie Jones,"October 7, 1997",28,1,0,Middlesbrough
Canada,5,DF,Joel Waterman,"January 24, 1996",30,17,0,Chicago Fire FC
Canada,6,MF,Mathieu Choinière,"February 7, 1999",27,22,0,Los Angeles FC
Canada,7,MF,Stephen Eustáquio,"December 21, 1996",29,54,4,Los Angeles FC
Canada,8,MF,Ismaël Koné,"June 16, 2002",23,38,4,Sassuolo
Canada,9,FW,Cyle Larin,"April 17, 1995",31,88,30,Southampton
Canada,10,FW,Jonathan David,"January 14, 2000",26,75,39,Juventus
Canada,11,MF,Liam Millar,"September 27, 1999",26,39,1,Hull City
Canada,12,FW,Tani Oluwaseyi,"May 15, 2000",26,22,2,Villarreal
Canada,13,DF,Derek Cornelius,"November 25, 1997",28,42,1,Rangers
Canada,14,MF,Jacob Shaffelburg,"November 26, 1999",26,31,6,Los Angeles FC
Canada,15,DF,Moïse Bombito,"March 30, 2000",26,19,0,Nice
Canada,16,GK,Maxime Crépeau,"April 11, 1994",32,30,0,Orlando City SC
Canada,17,MF,Tajon Buchanan,"February 8, 1999",27,58,8,Villarreal
Canada,18,GK,Owen Goodman,"November 27, 2003",22,0,0,Barnsley
Canada,19,DF,Alphonso Davies (captain),"November 2, 2000",25,58,15,Bayern Munich
Canada,20,MF,Ali Ahmed,"October 10, 2000",25,24,1,Norwich City
Canada,21,MF,Jonathan Osorio,"June 12, 1992",33,89,9,Toronto FC
Canada,22,DF,Richie Laryea,"January 7, 1995",31,73,1,Toronto FC
Canada,23,DF,Niko Sigur,"September 9, 2003",22,17,2,Hajduk Split
Canada,24,FW,Promise David,"July 3, 2001",24,8,3,Union Saint-Gilloise
Canada,25,MF,Nathan Saliba,"February 7, 2004",22,13,2,Anderlecht
Qatar,1,GK,Mahmud Abunada,"February 5, 2000",26,4,0,Al-Rayyan
Qatar,2,DF,Pedro Miguel,"August 6, 1990",35,98,3,Al-Sadd
Qatar,3,DF,Lucas Mendes,"July 3, 1990",35,25,1,Al-Wakrah
Qatar,4,DF,Issa Laye,"December 22, 1997",28,3,0,Al-Arabi
Qatar,5,MF,Jassem Gaber,"February 20, 2002",24,31,1,Al-Rayyan
Qatar,6,MF,Abdulaziz Hatem,"October 28, 1990",35,117,11,Al-Rayyan
Qatar,7,FW,Ahmed Alaaeldin,"January 31, 1993",33,67,9,Al-Rayyan
Qatar,8,FW,Edmilson Junior,"August 19, 1994",31,15,0,Al-Duhail
Qatar,9,FW,Mohammed Muntari,"December 20, 1993",32,67,16,Al-Gharafa
Qatar,10,FW,Hassan Al-Haydos (captain),"December 11, 1990",35,185,41,Al-Sadd
Qatar,11,FW,Akram Afif,"November 18, 1996",29,124,39,Al-Sadd
Qatar,12,MF,Karim Boudiaf,"September 16, 1990",35,117,5,Al-Duhail
Qatar,13,DF,Ayoub Al-Oui,"March 11, 2005",21,5,0,Al-Gharafa
Qatar,14,DF,Homam Ahmed,"August 25, 1999",26,67,3,Cultural Leonesa
Qatar,15,FW,Yusuf Abdurisag,"August 6, 1999",26,38,3,Al-Wakrah
Qatar,16,DF,Boualem Khoukhi,"July 9, 1990",35,115,20,Al-Sadd
Qatar,17,FW,Ahmed Al-Ganehi,"September 22, 2000",25,13,1,Al-Gharafa
Qatar,18,DF,Sultan Al-Brake,"April 7, 1996",30,16,0,Al-Duhail
Qatar,19,FW,Almoez Ali,"August 19, 1996",29,115,55,Al-Duhail
Qatar,20,MF,Ahmed Fathy,"January 25, 1993",33,47,0,Al-Arabi
Qatar,21,GK,Salah Zakaria,"April 24, 1999",27,8,0,Al-Duhail
Qatar,22,GK,Meshaal Barsham,"February 14, 1998",28,52,0,Al-Sadd
Qatar,23,MF,Assim Madibo,"October 22, 1996",29,50,0,Al-Wakrah
Qatar,24,FW,Tahsin Jamshid,"June 16, 2006",19,2,0,Al-Duhail
Qatar,25,DF,Al-Hashmi Al-Hussain,"August 15, 2003",22,7,0,Al-Arabi
Qatar,26,MF,Mohamed Al-Mannai,"October 30, 2003",22,9,0,Al-Shamal
Switzerland,1,GK,Gregor Kobel,"December 6, 1997",28,20,0,Borussia Dortmund
Switzerland,2,DF,Miro Muheim,"March 24, 1998",28,9,0,Hamburger SV
Switzerland,3,DF,Silvan Widmer,"March 5, 1993",33,59,5,Mainz 05
Switzerland,4,DF,Nico Elvedi,"September 30, 1996",29,66,3,Borussia Mönchengladbach
Switzerland,5,DF,Manuel Akanji,"July 19, 1995",30,80,4,Inter Milan
Switzerland,6,MF,Denis Zakaria,"November 20, 1996",29,64,3,Monaco
Switzerland,7,FW,Breel Embolo,"February 14, 1997",29,86,24,Rennes
Switzerland,8,MF,Remo Freuler,"April 15, 1992",34,87,11,Bologna
Switzerland,9,MF,Johan Manzambi,"October 14, 2005",20,11,3,SC Freiburg
Switzerland,10,MF,Granit Xhaka (captain),"September 27, 1992",33,145,17,Sunderland
Switzerland,11,FW,Dan Ndoye,"October 25, 2000",25,30,7,Nottingham Forest
Switzerland,12,GK,Yvon Mvogo,"June 6, 1994",32,13,0,Lorient
Switzerland,13,DF,Ricardo Rodriguez,"August 25, 1992",33,137,9,Real Betis
Switzerland,14,MF,Ardon Jashari,"July 30, 2002",23,7,0,Milan
Switzerland,15,MF,Djibril Sow,"February 6, 1997",29,51,0,Sevilla
Switzerland,16,MF,Christian Fassnacht,"November 11, 1993",32,22,5,Young Boys
Switzerland,17,FW,Rubén Vargas,"August 5, 1998",27,61,11,Sevilla
Switzerland,18,DF,Eray Cömert,"February 4, 1998",28,21,0,Valencia
Switzerland,19,FW,Noah Okafor,"May 24, 2000",26,24,2,Leeds United
Switzerland,20,MF,Michel Aebischer,"January 6, 1997",29,39,2,Pisa
Switzerland,21,GK,Marvin Keller,"July 3, 2002",23,1,0,Young Boys
Switzerland,22,MF,Fabian Rieder,"February 16, 2002",24,27,1,FC Augsburg
Switzerland,23,FW,Zeki Amdouni,"December 4, 2000",25,28,11,Burnley
Switzerland,24,DF,Aurèle Amenda,"July 31, 2003",22,6,0,Eintracht Frankfurt
Switzerland,25,DF,Luca Jaquez,"June 2, 2003",23,3,0,VfB Stuttgart
Switzerland,26,FW,Cedric Itten,"December 27, 1996",29,14,5,Fortuna Düsseldorf
Brazil,1,GK,Alisson,"October 2, 1992",33,77,0,Liverpool
Brazil,2,DF,Wesley,"September 6, 2003",22,7,0,Roma
Brazil,3,DF,Gabriel Magalhães,"December 19, 1997",28,17,1,Arsenal
Brazil,4,DF,Marquinhos (captain),"May 14, 1994",32,104,7,Paris Saint-Germain
Brazil,5,MF,Casemiro,"February 23, 1992",34,85,9,Manchester United
Brazil,6,DF,Alex Sandro,"January 26, 1991",35,44,2,Flamengo
Brazil,7,FW,Vinícius Júnior,"July 12, 2000",25,48,9,Real Madrid
Brazil,8,MF,Bruno Guimarães,"November 16, 1997",28,42,2,Newcastle United
Brazil,9,FW,Matheus Cunha,"May 27, 1999",27,22,1,Manchester United
Brazil,10,FW,Neymar,"February 5, 1992",34,128,79,Santos
Brazil,11,FW,Raphinha,"December 14, 1996",29,38,11,Barcelona
Brazil,12,GK,Weverton,"December 13, 1987",38,10,0,Grêmio
Brazil,13,DF,Danilo Luiz,"July 15, 1991",34,69,1,Flamengo
Brazil,14,DF,Bremer,"March 18, 1997",29,7,1,Juventus
Brazil,15,DF,Léo Pereira,"January 31, 1996",30,3,0,Flamengo
Brazil,16,DF,Douglas Santos,"March 22, 1994",32,6,0,Zenit Saint Petersburg
Brazil,17,MF,Fabinho,"October 23, 1993",32,32,0,Al-Ittihad
Brazil,18,MF,Danilo Santos,"April 29, 2001",25,3,2,Botafogo
Brazil,19,FW,Endrick,"July 21, 2006",19,16,3,Lyon
Brazil,20,MF,Lucas Paquetá,"August 27, 1997",28,62,13,Flamengo
Brazil,21,FW,Luiz Henrique,"January 2, 2001",25,14,2,Zenit Saint Petersburg
Brazil,22,FW,Gabriel Martinelli,"June 18, 2001",24,22,4,Arsenal
Brazil,23,GK,Ederson,"August 17, 1993",32,32,0,Fenerbahçe
Brazil,24,DF,Roger Ibañez,"November 23, 1998",27,6,0,Al-Ahli
Brazil,25,FW,Igor Thiago,"June 26, 2001",24,3,2,Brentford
Brazil,26,FW,Rayan,"August 3, 2006",19,2,1,Bournemouth
Haiti,,GK,Johny Placide (captain),"January 29, 1988",38,79,0,Bastia
Haiti,,GK,Alexandre Pierre,"February 25, 2001",25,14,0,Sochaux
Haiti,,GK,Josué Duverger,"April 27, 2000",26,6,0,Cosmos Koblenz
Haiti,,DF,Ricardo Adé,"May 21, 1990",36,57,2,LDU Quito
Haiti,,DF,Carlens Arcus,"June 28, 1996",29,51,1,Angers
Haiti,,DF,Martin Expérience,"March 9, 1999",27,19,0,Nancy
Haiti,,DF,Jean-Kévin Duverne,"July 12, 1997",28,15,1,Gent
Haiti,,DF,Duke Lacroix,"October 14, 1993",32,14,2,Colorado Springs Switchbacks FC
Haiti,,DF,Wilguens Paugain,"August 24, 2001",24,6,0,Zulte Waregem
Haiti,,DF,Hannes Delcroix,"February 28, 1999",27,5,0,Lugano
Haiti,,DF,Keeto Thermoncy,"March 29, 2006",20,1,0,Young Boys
Haiti,,MF,Leverton Pierre,"March 9, 1998",28,33,0,Vizela
Haiti,,MF,Danley Jean Jacques,"May 20, 2000",26,28,6,Philadelphia Union
Haiti,,MF,Carl Sainté,"August 9, 2002",23,25,0,El Paso Locomotive FC
Haiti,,MF,Jean-Ricner Bellegarde,"June 27, 1998",27,8,0,Wolverhampton Wanderers
Haiti,,MF,Woodensky Pierre,"December 30, 2004",21,1,0,Violette
Haiti,,MF,Dominique Simon,"July 29, 2000",25,0,0,Tatran Prešov
Haiti,,FW,Duckens Nazon,"April 7, 1994",32,76,44,Esteghlal
Haiti,,FW,Frantzdy Pierrot,"March 29, 1995",31,49,33,Çaykur Rizespor
Haiti,,FW,Derrick Etienne Jr.,"November 25, 1996",29,46,8,Toronto FC
Haiti,,FW,Louicius Deedson,"February 11, 2001",25,30,10,FC Dallas
Haiti,,FW,Ruben Providence,"July 7, 2001",24,13,2,Almere City
Haiti,,FW,Josué Casimir,"September 24, 2001",24,5,0,Auxerre
Haiti,,FW,Yassin Fortuné,"January 30, 1999",27,3,0,Vizela
Haiti,,FW,Wilson Isidor,"August 27, 2000",25,2,1,Sunderland
Haiti,,FW,Lenny Joseph,"October 12, 2000",25,0,0,Ferencváros
Morocco,,GK,Yassine Bounou,"April 5, 1991",35,89,0,Al-Hilal
Morocco,,GK,Munir Mohamedi,"May 10, 1989",37,51,0,RS Berkane
Morocco,,GK,Ahmed Reda Tagnaouti,"April 5, 1996",30,3,0,AS FAR
Morocco,,DF,Achraf Hakimi (captain),"November 4, 1998",27,95,11,Paris Saint-Germain
Morocco,,DF,Nayef Aguerd,"March 30, 1996",30,64,2,Marseille
Morocco,,DF,Noussair Mazraoui,"November 14, 1997",28,43,2,Manchester United
Morocco,,DF,Youssef Belammari,"September 20, 1998",27,16,0,Al Ahly
Morocco,,DF,Anass Salah-Eddine,"January 18, 2002",24,8,0,PSV Eindhoven
Morocco,,DF,Chadi Riad,"June 17, 2003",22,4,1,Crystal Palace
Morocco,,DF,Issa Diop,"January 9, 1997",29,2,0,Fulham
Morocco,,DF,Zakaria El Ouahdi,"December 31, 2001",24,2,0,Genk
Morocco,,DF,Redouane Halhal,"March 5, 2003",23,1,0,Mechelen
Morocco,,MF,Sofyan Amrabat,"August 21, 1996",29,73,0,Real Betis
Morocco,,MF,Azzedine Ounahi,"April 19, 2000",26,47,9,Girona
Morocco,,MF,Bilal El Khannouss,"May 10, 2004",22,35,3,VfB Stuttgart
Morocco,,MF,Ismael Saibari,"January 28, 2001",25,28,7,PSV Eindhoven
Morocco,,MF,Neil El Aynaoui,"July 2, 2001",24,15,2,Roma
Morocco,,MF,Samir El Mourabet,"August 6, 2006",19,2,0,Strasbourg
Morocco,,MF,Ayyoub Bouaddi,"October 2, 2007",18,1,0,Lille
Morocco,,FW,Ayoub El Kaabi,"June 25, 1993",32,57,22,Olympiacos
Morocco,,FW,Soufiane Rahimi,"June 2, 1996",30,35,11,Al-Ain
Morocco,,FW,Abde Ezzalzouli,"December 17, 2001",24,35,2,Real Betis
Morocco,,FW,Brahim Díaz,"August 3, 1999",26,24,13,Real Madrid
Morocco,,FW,Chemsdine Talbi,"May 9, 2005",21,5,0,Sunderland
Morocco,,FW,Gessime Yassine,"November 22, 2005",20,3,0,Strasbourg
Morocco,,FW,Ayoube Amaimouni,"November 30, 2004",21,0,0,Eintracht Frankfurt
Scotland,,GK,Craig Gordon,"December 31, 1982",43,84,0,Heart of Midlothian
Scotland,,GK,Angus Gunn,"January 22, 1996",30,21,0,Nottingham Forest
Scotland,,GK,Liam Kelly,"January 23, 1996",30,3,0,Rangers
Scotland,,DF,Andy Robertson (captain),"March 11, 1994",32,93,4,Liverpool
Scotland,,DF,Grant Hanley,"November 20, 1991",34,67,2,Hibernian
Scotland,,DF,Kieran Tierney,"June 5, 1997",29,55,2,Celtic
Scotland,,DF,Scott McKenna,"November 12, 1996",29,50,1,Dinamo Zagreb
Scotland,,DF,Jack Hendry,"May 7, 1995",31,37,3,Al-Ettifaq
Scotland,,DF,Nathan Patterson,"October 16, 2001",24,26,1,Everton
Scotland,,DF,Anthony Ralston,"November 16, 1998",27,26,1,Celtic
Scotland,,DF,John Souttar,"September 25, 1996",29,23,2,Rangers
Scotland,,DF,Aaron Hickey,"June 10, 2002",24,20,0,Brentford
Scotland,,DF,Dominic Hyam,"December 20, 1995",30,3,0,Wrexham
Scotland,,MF,John McGinn,"October 18, 1994",31,85,20,Aston Villa
Scotland,,MF,Scott McTominay,"December 8, 1996",29,69,14,Napoli
Scotland,,MF,Ryan Christie,"February 22, 1995",31,67,10,Bournemouth
Scotland,,MF,Kenny McLean,"January 8, 1992",34,57,3,Norwich City
Scotland,,MF,Lewis Ferguson,"August 24, 1999",26,23,1,Bologna
Scotland,,MF,Ben Gannon-Doak,"November 11, 2005",20,13,1,Bournemouth
Scotland,,MF,Findlay Curtis,"June 9, 2006",20,2,1,Kilmarnock
Scotland,,MF,Tyler Fletcher,"March 19, 2007",19,1,0,Manchester United
Scotland,,FW,Lyndon Dykes,"October 7, 1995",30,51,10,Charlton Athletic
Scotland,,FW,Ché Adams,"July 13, 1996",29,46,11,Torino
Scotland,,FW,Lawrence Shankland,"August 10, 1995",30,19,6,Heart of Midlothian
Scotland,,FW,George Hirst,"February 15, 1999",27,9,1,Ipswich Town
Scotland,,FW,Ross Stewart,"July 11, 1996",29,2,0,Southampton
Australia,1,GK,Mathew Ryan (captain),"April 8, 1992",34,104,0,Levante
Australia,2,DF,Miloš Degenek,"April 28, 1994",32,56,1,APOEL
Australia,3,DF,Alessandro Circati,"October 10, 2003",22,12,1,Parma
Australia,4,DF,Jacob Italiano,"July 30, 2001",24,4,0,GAK
Australia,5,DF,Jordan Bos,"October 29, 2002",23,26,4,Feyenoord
Australia,6,DF,Jason Geria,"May 10, 1993",33,13,0,Albirex Niigata
Australia,7,FW,Mathew Leckie,"February 4, 1991",35,79,14,Melbourne City
Australia,8,MF,Connor Metcalfe,"November 5, 1999",26,35,1,FC St. Pauli
Australia,9,FW,Mohamed Touré,"March 26, 2004",22,9,2,Norwich City
Australia,10,MF,Ajdin Hrustic,"July 5, 1996",29,37,4,Heracles Almelo
Australia,11,FW,Awer Mabil,"September 15, 1995",30,38,10,Castellón
Australia,12,GK,Paul Izzo,"January 6, 1995",31,4,0,Randers
Australia,13,MF,Aiden O'Neill,"July 4, 1998",27,30,0,New York City FC
Australia,14,MF,Cammy Devlin,"June 7, 1998",28,4,0,Heart of Midlothian
Australia,15,DF,Kai Trewin,"May 18, 2001",25,5,0,New York City FC
Australia,16,DF,Aziz Behich,"December 16, 1990",35,83,3,Melbourne City
Australia,17,FW,Nestory Irankunda,"February 9, 2006",20,14,5,Watford
Australia,18,GK,Patrick Beach,"August 6, 2003",22,1,0,Melbourne City
Australia,19,DF,Harry Souttar,"October 22, 1998",27,37,11,Leicester City
Australia,20,FW,Cristian Volpato,"November 15, 2003",22,0,0,Sassuolo
Australia,21,DF,Cameron Burgess,"October 21, 1995",30,26,0,Swansea City
Australia,22,MF,Jackson Irvine,"March 7, 1993",33,81,14,FC St. Pauli
Australia,23,FW,Nishan Velupillay,"May 7, 2001",25,7,3,Melbourne Victory
Australia,24,MF,Paul Okon-Engstler,"January 24, 2005",21,5,0,Sydney FC
Australia,25,DF,Lucas Herrington,"July 5, 2007",18,3,0,Colorado Rapids
Australia,26,FW,Tete Yengi,"November 22, 2000",25,0,0,Machida Zelvia
Paraguay,,GK,Gatito Fernández,"March 29, 1988",38,30,0,Cerro Porteño
Paraguay,,GK,Orlando Gill,"June 11, 2000",26,5,0,San Lorenzo
Paraguay,,GK,Gastón Olveira,"April 21, 1993",33,1,0,Olimpia
Paraguay,,DF,Gustavo Gómez (captain),"May 6, 1993",33,88,4,Palmeiras
Paraguay,,DF,Júnior Alonso,"February 9, 1993",33,70,3,Atlético Mineiro
Paraguay,,DF,Fabián Balbuena,"August 23, 1991",34,47,2,Grêmio
Paraguay,,DF,Omar Alderete,"December 26, 1996",29,35,3,Sunderland
Paraguay,,DF,Juan José Cáceres,"June 1, 2000",26,16,0,Dynamo Moscow
Paraguay,,DF,Gustavo Velázquez,"April 17, 1991",35,12,1,Cerro Porteño
Paraguay,,DF,José Canale,"July 20, 1996",29,1,0,Lanús
Paraguay,,DF,Alexandro Maidana,"July 26, 2005",20,1,0,Talleres
Paraguay,,MF,Miguel Almirón,"February 10, 1994",32,75,9,Atlanta United FC
Paraguay,,MF,Kaku,"January 11, 1995",31,32,5,Al-Ain
Paraguay,,MF,Andrés Cubas,"May 22, 1996",30,32,0,Vancouver Whitecaps FC
Paraguay,,MF,Ramón Sosa,"August 31, 1999",26,28,1,Palmeiras
Paraguay,,MF,Diego Gómez,"March 27, 2003",23,23,3,Brighton & Hove Albion
Paraguay,,MF,Damián Bobadilla,"July 11, 2001",24,19,1,São Paulo
Paraguay,,MF,Braian Ojeda,"July 27, 2000",25,16,0,Orlando City SC
Paraguay,,MF,Matías Galarza,"February 11, 2002",24,14,2,Atlanta United FC
Paraguay,,MF,Maurício,"June 22, 2001",24,2,0,Palmeiras
Paraguay,,FW,Antonio Sanabria,"March 4, 1996",30,47,7,Cremonese
Paraguay,,FW,Julio Enciso,"January 23, 2004",22,31,4,Strasbourg
Paraguay,,FW,Gabriel Ávalos,"July 9, 1991",34,22,2,Independiente
Paraguay,,FW,Álex Arce,"June 16, 1995",30,14,1,Independiente Rivadavia
Paraguay,,FW,Isidro Pitta,"August 14, 1999",26,5,0,Red Bull Bragantino
Paraguay,,FW,Gustavo Caballero,"September 21, 2001",24,2,1,Portsmouth
United States,1,GK,Matt Turner,"June 24, 1994",31,54,0,New England Revolution
United States,2,DF,Sergiño Dest,"November 3, 2000",25,38,3,PSV Eindhoven
United States,3,DF,Chris Richards,"March 28, 2000",26,36,3,Crystal Palace
United States,4,MF,Tyler Adams,"February 14, 1999",27,53,2,Bournemouth
United States,5,DF,Antonee Robinson,"August 8, 1997",28,53,4,Fulham
United States,6,DF,Auston Trusty,"August 12, 1998",27,7,0,Celtic
United States,7,MF,Giovanni Reyna,"November 13, 2002",23,37,9,Borussia Mönchengladbach
United States,8,MF,Weston McKennie,"August 28, 1998",27,65,12,Juventus
United States,9,FW,Ricardo Pepi,"January 9, 2003",23,36,13,PSV Eindhoven
United States,10,FW,Christian Pulisic,"September 18, 1998",27,85,33,Milan
United States,11,FW,Brenden Aaronson,"October 22, 2000",25,57,9,Leeds United
United States,12,DF,Miles Robinson,"March 14, 1997",29,39,3,FC Cincinnati
United States,13,DF,Tim Ream (captain),"October 5, 1987",38,81,1,Charlotte FC
United States,14,MF,Sebastian Berhalter,"May 10, 2001",25,12,1,Vancouver Whitecaps FC
United States,15,MF,Cristian Roldan,"June 3, 1995",31,46,0,Seattle Sounders FC
United States,16,DF,Alex Freeman,"August 9, 2004",21,16,2,Villarreal
United States,17,MF,Malik Tillman,"May 28, 2002",24,29,3,Bayer Leverkusen
United States,18,DF,Maximilian Arfsten,"April 19, 2001",25,19,1,Columbus Crew
United States,19,FW,Haji Wright,"March 27, 1998",28,20,7,Coventry City
United States,20,FW,Folarin Balogun,"July 3, 2001",24,26,9,Monaco
United States,21,FW,Timothy Weah,"February 22, 2000",26,50,7,Marseille
United States,22,DF,Mark McKenzie,"February 25, 1999",27,28,0,Toulouse
United States,23,DF,Joe Scally,"December 31, 2002",23,25,0,Borussia Mönchengladbach
United States,24,GK,Matt Freese,"September 2, 1998",27,14,0,New York City FC
United States,25,GK,Chris Brady,"March 3, 2004",22,1,0,Chicago Fire FC
United States,26,FW,Alejandro Zendejas,"February 7, 1998",28,14,2,América
Curaçao,1,GK,Eloy Room,"February 6, 1989",37,71,0,Miami FC
Curaçao,2,DF,Shurandy Sambo,"August 19, 2001",24,7,0,Sparta Rotterdam
Curaçao,3,DF,Juriën Gaari,"December 23, 1993",32,59,1,Abha
Curaçao,4,DF,Roshon van Eijma,"June 9, 1998",28,27,1,RKC Waalwijk
Curaçao,5,DF,Sherel Floranus,"August 23, 1998",27,27,0,PEC Zwolle
Curaçao,6,MF,Godfried Roemeratoe,"August 19, 1999",26,27,1,RKC Waalwijk
Curaçao,7,MF,Juninho Bacuna,"August 7, 1997",28,48,14,Volendam
Curaçao,8,MF,Livano Comenencia,"February 3, 2004",22,19,1,Zürich
Curaçao,9,FW,Jürgen Locadia,"November 7, 1993",32,13,1,Miami FC
Curaçao,10,MF,Leandro Bacuna (captain),"August 21, 1991",34,71,16,Iğdır
Curaçao,11,FW,Jeremy Antonisse,"March 29, 2002",24,26,3,Kifisia
Curaçao,12,FW,Sontje Hansen,"May 18, 2002",24,5,1,Middlesbrough
Curaçao,13,MF,Tyrese Noslin,"September 11, 2002",23,6,1,Telstar
Curaçao,14,FW,Kenji Gorré,"September 29, 1994",31,37,6,Maccabi Haifa
Curaçao,15,MF,Ar'jany Martha,"September 4, 2003",22,8,2,Rotherham United
Curaçao,16,FW,Jearl Margaritha,"April 10, 2000",26,21,5,Beveren
Curaçao,17,FW,Brandley Kuwas,"September 19, 1992",33,34,2,Volendam
Curaçao,18,DF,Armando Obispo,"March 5, 1999",27,5,0,PSV Eindhoven
Curaçao,19,FW,Gervane Kastaneer,"June 9, 1996",30,28,9,Terengganu
Curaçao,20,DF,Joshua Brenet,"March 20, 1994",32,17,1,Kayserispor
Curaçao,21,FW,Tahith Chong,"December 4, 1999",26,5,3,Sheffield United
Curaçao,22,MF,Kevin Felida,"November 11, 1999",26,19,1,Den Bosch
Curaçao,23,DF,Riechedly Bazoer,"October 12, 1996",29,4,0,Konyaspor
Curaçao,24,DF,Deveron Fonville,"May 16, 2003",23,1,0,NEC
Curaçao,25,GK,Tyrick Bodak,"May 15, 2002",24,4,0,Telstar
Curaçao,26,GK,Trevor Doornbusch,"July 6, 1999",26,7,0,VVV-Venlo
Ecuador,1,GK,Hernán Galíndez,"March 30, 1987",39,34,0,Huracán
Ecuador,2,DF,Félix Torres,"January 11, 1997",29,48,5,Internacional
Ecuador,3,DF,Piero Hincapié,"January 9, 2002",24,51,3,Arsenal
Ecuador,4,DF,Joel Ordóñez,"April 21, 2004",22,16,0,Club Brugge
Ecuador,5,MF,Jordy Alcívar,"August 5, 1999",26,10,1,Independiente del Valle
Ecuador,6,DF,Willian Pacho,"October 16, 2001",24,34,2,Paris Saint-Germain
Ecuador,7,DF,Pervis Estupiñán,"January 21, 1998",28,53,4,Milan
Ecuador,8,MF,Denil Castillo,"March 24, 2004",22,5,0,Midtjylland
Ecuador,9,MF,John Yeboah,"June 23, 2000",25,22,3,Venezia
Ecuador,10,MF,Kendry Páez,"May 4, 2007",19,25,2,River Plate
Ecuador,11,FW,Kevin Rodríguez,"March 4, 2000",26,31,2,Union Saint-Gilloise
Ecuador,12,GK,Moisés Ramírez,"September 9, 2000",25,7,0,Kifisia
Ecuador,13,FW,Enner Valencia (captain),"November 4, 1989",36,105,49,Pachuca
Ecuador,14,MF,Alan Minda,"May 14, 2003",23,19,2,Atlético Mineiro
Ecuador,15,MF,Pedro Vite,"March 9, 2002",24,16,1,UNAM
Ecuador,16,FW,Anthony Valencia,"July 21, 2003",22,2,1,Antwerp
Ecuador,17,DF,Ángelo Preciado,"February 18, 1998",28,54,0,Atlético Mineiro
Ecuador,18,FW,Jordy Caicedo,"November 18, 1997",28,19,3,Huracán
Ecuador,19,MF,Gonzalo Plata,"November 1, 2000",25,49,8,Flamengo
Ecuador,20,FW,Nilson Angulo,"June 19, 2003",22,13,1,Sunderland
Ecuador,21,MF,Alan Franco,"August 21, 1998",27,57,1,Atlético Mineiro
Ecuador,22,GK,Gonzalo Valle,"February 28, 1996",30,3,0,LDU Quito
Ecuador,23,MF,Moisés Caicedo,"November 2, 2001",24,60,3,Chelsea
Ecuador,24,MF,Yaimar Medina,"November 5, 2004",21,5,0,Genk
Ecuador,25,DF,Jackson Porozo,"August 4, 2000",25,9,1,Tijuana
Ecuador,26,FW,Jeremy Arévalo,"March 19, 2005",21,3,0,VfB Stuttgart
Germany,1,GK,Manuel Neuer,"March 27, 1986",40,124,0,Bayern Munich
Germany,2,DF,Antonio Rüdiger,"March 3, 1993",33,82,3,Real Madrid
Germany,3,DF,Waldemar Anton,"July 20, 1996",29,12,0,Borussia Dortmund
Germany,4,DF,Jonathan Tah,"February 11, 1996",30,46,1,Bayern Munich
Germany,5,MF,Aleksandar Pavlović,"May 3, 2004",22,10,1,Bayern Munich
Germany,6,MF,Joshua Kimmich (captain),"February 8, 1995",31,109,11,Bayern Munich
Germany,7,FW,Kai Havertz,"June 11, 1999",27,57,21,Arsenal
Germany,8,MF,Leon Goretzka,"February 6, 1995",31,69,15,Bayern Munich
Germany,9,MF,Jamie Leweling,"February 26, 2001",25,4,1,VfB Stuttgart
Germany,10,MF,Jamal Musiala,"February 26, 2003",23,41,9,Bayern Munich
Germany,11,FW,Nick Woltemade,"February 14, 2002",24,11,4,Newcastle United
Germany,12,GK,Oliver Baumann,"June 2, 1990",36,12,0,TSG Hoffenheim
Germany,13,MF,Pascal Groß,"June 15, 1991",34,18,1,Brighton & Hove Albion
Germany,14,FW,Maximilian Beier,"October 17, 2002",23,8,0,Borussia Dortmund
Germany,15,DF,Nico Schlotterbeck,"December 1, 1999",26,26,0,Borussia Dortmund
Germany,16,MF,Angelo Stiller,"April 4, 2001",25,7,0,VfB Stuttgart
Germany,17,MF,Florian Wirtz,"May 3, 2003",23,40,11,Liverpool
Germany,18,DF,Nathaniel Brown,"June 16, 2003",22,4,0,Eintracht Frankfurt
Germany,19,MF,Leroy Sané,"January 11, 1996",30,75,16,Galatasaray
Germany,20,MF,Nadiem Amiri,"October 27, 1996",29,10,1,Mainz 05
Germany,21,GK,Alexander Nübel,"September 30, 1996",29,3,0,VfB Stuttgart
Germany,22,DF,David Raum,"April 22, 1998",28,36,1,RB Leipzig
Germany,23,MF,Felix Nmecha,"October 10, 2000",25,7,1,Borussia Dortmund
Germany,24,DF,Malick Thiaw,"August 8, 2001",24,5,0,Newcastle United
Germany,25,MF,Lennart Karl,"February 22, 2008",18,3,0,Bayern Munich
Germany,26,FW,Deniz Undav,"July 19, 1996",29,8,6,VfB Stuttgart
Ivory Coast,,GK,Yahia Fofana,"August 21, 2000",25,34,0,Çaykur Rizespor
Ivory Coast,,GK,Alban Lafont,"January 23, 1999",27,4,0,Panathinaikos
Ivory Coast,,GK,Mohamed Koné,"March 7, 2002",24,0,0,Charleroi
Ivory Coast,,DF,Ghislain Konan,"December 27, 1995",30,53,0,Gil Vicente
Ivory Coast,,DF,Odilon Kossounou,"January 4, 2001",25,35,0,Atalanta
Ivory Coast,,DF,Wilfried Singo,"December 25, 2000",25,33,1,Galatasaray
Ivory Coast,,DF,Evan Ndicka,"August 20, 1999",26,28,0,Roma
Ivory Coast,,DF,Emmanuel Agbadou,"June 7, 1997",29,19,2,Beşiktaş
Ivory Coast,,DF,Guéla Doué,"October 17, 2002",23,19,2,Strasbourg
Ivory Coast,,DF,Ousmane Diomande,"December 4, 2003",22,14,1,Sporting CP
Ivory Coast,,DF,Christopher Opéri,"April 29, 1997",29,11,0,İstanbul Başakşehir
Ivory Coast,,MF,Franck Kessié (captain),"December 19, 1996",29,102,15,Al-Ahli
Ivory Coast,,MF,Jean Michaël Seri,"July 19, 1991",34,65,4,Maribor
Ivory Coast,,MF,Ibrahim Sangaré,"December 2, 1997",28,57,12,Nottingham Forest
Ivory Coast,,MF,Seko Fofana,"May 7, 1995",31,31,7,Porto
Ivory Coast,,MF,Christ Inao Oulaï,"April 6, 2006",20,8,0,Trabzonspor
Ivory Coast,,MF,Parfait Guiagon,"February 22, 2001",25,5,0,Charleroi
Ivory Coast,,FW,Nicolas Pépé,"May 29, 1995",31,54,12,Villarreal
Ivory Coast,,FW,Oumar Diakité,"December 20, 2003",22,28,6,Cercle Brugge
Ivory Coast,,FW,Simon Adingra,"January 1, 2002",24,28,5,Monaco
Ivory Coast,,FW,Evann Guessand,"July 1, 2001",24,21,4,Crystal Palace
Ivory Coast,,FW,Amad Diallo,"July 11, 2002",23,18,5,Manchester United
Ivory Coast,,FW,Yan Diomande,"November 14, 2006",19,9,3,RB Leipzig
Ivory Coast,,FW,Bazoumana Touré,"March 2, 2006",20,5,2,TSG Hoffenheim
Ivory Coast,,FW,Elye Wahi,"January 2, 2003",23,1,0,Nice
Ivory Coast,,FW,Ange-Yoan Bonny,"October 25, 2003",22,0,0,Inter Milan
Japan,1,GK,Zion Suzuki,"August 21, 2002",23,24,0,Parma
Japan,2,DF,Yukinari Sugawara,"June 28, 2000",25,21,2,Werder Bremen
Japan,3,DF,Shōgo Taniguchi,"July 15, 1991",34,38,1,Sint-Truiden
Japan,4,DF,Kō Itakura,"January 27, 1997",29,40,2,Ajax
Japan,5,DF,Yūto Nagatomo,"September 12, 1986",39,145,4,FC Tokyo
Japan,6,MF,Wataru Endo (captain),"February 9, 1993",33,73,4,Liverpool
Japan,7,MF,Ao Tanaka,"September 10, 1998",27,38,8,Leeds United
Japan,8,MF,Takefusa Kubo,"June 4, 2001",25,49,7,Real Sociedad
Japan,9,FW,Keisuke Gotō,"June 3, 2005",21,4,0,Sint-Truiden
Japan,10,MF,Ritsu Dōan,"June 16, 1998",27,65,11,Eintracht Frankfurt
Japan,11,FW,Daizen Maeda,"October 20, 1997",28,27,4,Celtic
Japan,12,GK,Keisuke Ōsako,"July 28, 1999",26,11,0,Sanfrecce Hiroshima
Japan,13,MF,Keito Nakamura,"July 28, 2000",25,25,10,Reims
Japan,14,MF,Junya Itō,"March 9, 1993",33,69,15,Genk
Japan,15,MF,Daichi Kamada,"August 5, 1996",29,49,12,Crystal Palace
Japan,16,DF,Tsuyoshi Watanabe,"February 5, 1997",29,11,0,Feyenoord
Japan,17,FW,Yuito Suzuki,"October 25, 2001",24,6,0,SC Freiburg
Japan,18,FW,Ayase Ueda,"August 28, 1998",27,39,16,Feyenoord
Japan,19,FW,Kōki Ogawa,"August 8, 1997",28,15,11,NEC
Japan,20,DF,Ayumu Seko,"June 7, 2000",26,14,0,Le Havre
Japan,21,DF,Hiroki Itō,"May 12, 1999",27,24,1,Bayern Munich
Japan,22,DF,Takehiro Tomiyasu,"November 5, 1998",27,43,1,Ajax
Japan,23,GK,Tomoki Hayakawa,"March 3, 1999",27,4,0,Kashima Antlers
Japan,24,MF,Kaishū Sano,"December 30, 2000",25,13,0,Mainz 05
Japan,25,DF,Junnosuke Suzuki,"July 12, 2003",22,6,0,Copenhagen
Japan,26,FW,Kento Shiogai,"March 26, 2005",21,2,0,VfL Wolfsburg
Netherlands,,GK,Bart Verbruggen,"August 18, 2002",23,27,0,Brighton & Hove Albion
Netherlands,,GK,Mark Flekken,"June 13, 1993",32,11,0,Bayer Leverkusen
Netherlands,,GK,Robin Roefs,"January 17, 2003",23,0,0,Sunderland
Netherlands,,DF,Virgil van Dijk (captain),"July 8, 1991",34,90,12,Liverpool
Netherlands,,DF,Denzel Dumfries,"April 18, 1996",30,71,11,Inter Milan
Netherlands,,DF,Nathan Aké,"February 18, 1995",31,58,5,Manchester City
Netherlands,,DF,Jurriën Timber,"June 17, 2001",24,23,0,Arsenal
Netherlands,,DF,Micky van de Ven,"April 19, 2001",25,19,1,Tottenham Hotspur
Netherlands,,DF,Mats Wieffer,"November 16, 1999",26,14,1,Brighton & Hove Albion
Netherlands,,DF,Jan Paul van Hecke,"June 8, 2000",26,10,0,Brighton & Hove Albion
Netherlands,,DF,Jorrel Hato,"March 7, 2006",20,7,0,Chelsea
Netherlands,,MF,Frenkie de Jong,"May 12, 1997",29,64,2,Barcelona
Netherlands,,MF,Marten de Roon,"March 29, 1991",35,42,1,Atalanta
Netherlands,,MF,Tijjani Reijnders,"July 29, 1998",27,30,7,Manchester City
Netherlands,,MF,Teun Koopmeiners,"February 28, 1998",28,27,3,Juventus
Netherlands,,MF,Ryan Gravenberch,"May 16, 2002",24,25,1,Liverpool
Netherlands,,MF,Justin Kluivert,"May 5, 1999",27,11,0,Bournemouth
Netherlands,,MF,Quinten Timber,"June 17, 2001",24,10,1,Marseille
Netherlands,,MF,Guus Til,"December 22, 1997",28,6,1,PSV Eindhoven
Netherlands,,FW,Memphis Depay,"February 13, 1994",32,108,55,Corinthians
Netherlands,,FW,Wout Weghorst,"August 7, 1992",33,51,14,Ajax
Netherlands,,FW,Donyell Malen,"January 19, 1999",27,51,13,Roma
Netherlands,,FW,Cody Gakpo,"May 7, 1999",27,48,19,Liverpool
Netherlands,,FW,Noa Lang,"June 17, 1999",26,15,3,Galatasaray
Netherlands,,FW,Brian Brobbey,"February 1, 2002",24,10,1,Sunderland
Netherlands,,FW,Crysencio Summerville,"October 30, 2001",24,0,0,West Ham United
Sweden,1,GK,Jacob Widell Zetterström,"July 11, 1998",27,3,0,Derby County
Sweden,2,DF,Gustaf Lagerbielke,"April 10, 2000",26,10,2,Braga
Sweden,3,DF,Victor Lindelöf (captain),"July 17, 1994",31,76,3,Aston Villa
Sweden,4,DF,Isak Hien,"January 13, 1999",27,28,0,Atalanta
Sweden,5,DF,Gabriel Gudmundsson,"April 29, 1999",27,23,0,Leeds United
Sweden,6,DF,Herman Johansson,"October 16, 1997",28,3,0,FC Dallas
Sweden,7,MF,Lucas Bergvall,"February 2, 2006",20,9,0,Tottenham Hotspur
Sweden,8,DF,Daniel Svensson,"February 12, 2002",24,12,0,Borussia Dortmund
Sweden,9,FW,Alexander Isak,"September 21, 1999",26,57,17,Liverpool
Sweden,10,FW,Benjamin Nygren,"July 8, 2001",24,10,3,Celtic
Sweden,11,FW,Anthony Elanga,"April 27, 2002",24,29,6,Newcastle United
Sweden,12,GK,Viktor Johansson,"September 14, 1998",27,12,0,Stoke City
Sweden,13,FW,Ken Sema,"September 30, 1993",32,33,5,Pafos
Sweden,14,DF,Hjalmar Ekdal,"October 21, 1998",27,12,0,Burnley
Sweden,15,DF,Carl Starfelt,"June 1, 1995",31,17,0,Celta Vigo
Sweden,16,MF,Jesper Karlström,"June 21, 1995",30,24,0,Udinese
Sweden,17,FW,Viktor Gyökeres,"June 4, 1998",28,32,19,Arsenal
Sweden,18,MF,Yasin Ayari,"October 6, 2003",22,20,3,Brighton & Hove Albion
Sweden,19,MF,Mattias Svanberg,"January 5, 1999",27,40,2,VfL Wolfsburg
Sweden,20,DF,Eric Smith,"January 8, 1997",29,1,0,FC St. Pauli
Sweden,21,FW,Alexander Bernhardsson,"September 8, 1998",27,10,0,Holstein Kiel
Sweden,22,MF,Besfort Zeneli,"November 21, 2002",23,7,0,Union Saint-Gilloise
Sweden,23,GK,Kristoffer Nordfeldt,"June 23, 1989",36,20,0,AIK
Sweden,24,DF,Elliot Stroud,"June 22, 2002",23,0,0,Mjällby AIF
Sweden,25,FW,Gustaf Nilsson,"May 23, 1997",29,9,3,Club Brugge
Sweden,26,FW,Taha Ali,"July 1, 1998",27,1,0,Malmö FF
Tunisia,,GK,Aymen Dahmen,"January 28, 1997",29,37,0,CS Sfaxien
Tunisia,,GK,Sabri Ben Hessen,"June 13, 1996",29,2,0,Étoile du Sahel
Tunisia,,GK,Mouhib Chamakh,"August 25, 2001",24,1,0,Club Africain
Tunisia,,DF,Montassar Talbi,"May 26, 1998",28,62,4,Lorient
Tunisia,,DF,Dylan Bronn,"June 19, 1995",30,52,2,Servette
Tunisia,,DF,Ali Abdi,"December 20, 1993",32,45,7,Nice
Tunisia,,DF,Yan Valery,"February 22, 1999",27,21,0,Young Boys
Tunisia,,DF,Mohamed Amine Ben Hamida,"December 15, 1995",30,12,0,Espérance de Tunis
Tunisia,,DF,Moutaz Neffati,"September 4, 2004",21,5,0,IFK Norrköping
Tunisia,,DF,Omar Rekik,"December 20, 2001",24,4,0,Maribor
Tunisia,,DF,Adem Arous,"July 17, 2004",21,1,0,Kasımpaşa
Tunisia,,DF,Raed Chikhaoui,"June 9, 2004",22,0,0,US Monastir
Tunisia,,MF,Ellyes Skhiri (captain),"May 10, 1995",31,81,4,Eintracht Frankfurt
Tunisia,,MF,Hannibal Mejbri,"January 21, 2003",23,44,1,Burnley
Tunisia,,MF,Anis Ben Slimane,"March 16, 2001",25,39,4,Norwich City
Tunisia,,MF,Mortadha Ben Ouanes,"July 2, 1994",31,17,0,Kasımpaşa
Tunisia,,MF,Ismaël Gharbi,"April 10, 2004",22,15,2,FC Augsburg
Tunisia,,MF,Hadj Mahmoud,"April 24, 2000",26,7,0,Lugano
Tunisia,,MF,Rani Khedira,"January 27, 1994",32,2,0,Union Berlin
Tunisia,,FW,Elias Achouri,"February 10, 1999",27,29,4,Copenhagen
Tunisia,,FW,Firas Chaouat,"May 8, 1996",30,28,6,Club Africain
Tunisia,,FW,Hazem Mastouri,"June 18, 1997",28,18,4,Dynamo Makhachkala
Tunisia,,FW,Elias Saad,"December 27, 1999",26,14,4,Hannover 96
Tunisia,,FW,Sebastian Tounekti,"July 13, 2002",23,10,1,Celtic
Tunisia,,FW,Khalil Ayari,"February 2, 2005",21,2,0,Paris Saint-Germain
Tunisia,,FW,Rayan Elloumi,"September 17, 2007",18,2,0,Vancouver Whitecaps FC
Belgium,,GK,Thibaut Courtois,"May 11, 1992",34,107,0,Real Madrid
Belgium,,GK,Senne Lammens,"July 7, 2002",23,2,0,Manchester United
Belgium,,GK,Mike Penders,"July 31, 2005",20,0,0,Strasbourg
Belgium,,DF,Thomas Meunier,"September 12, 1991",34,78,10,Lille
Belgium,,DF,Timothy Castagne,"December 5, 1995",30,62,2,Fulham
Belgium,,DF,Arthur Theate,"May 25, 2000",26,32,1,Eintracht Frankfurt
Belgium,,DF,Zeno Debast,"October 24, 2003",22,26,1,Sporting CP
Belgium,,DF,Maxim De Cuyper,"December 22, 2000",25,17,4,Brighton & Hove Albion
Belgium,,DF,Brandon Mechele,"January 28, 1993",33,7,1,Club Brugge
Belgium,,DF,Koni De Winter,"June 12, 2002",23,7,0,Milan
Belgium,,DF,Joaquin Seys,"March 28, 2005",21,4,0,Club Brugge
Belgium,,DF,Nathan Ngoy,"June 10, 2003",23,2,0,Lille
Belgium,,MF,Axel Witsel,"January 12, 1989",37,136,12,Girona
Belgium,,MF,Kevin De Bruyne,"June 28, 1991",34,117,36,Napoli
Belgium,,MF,Youri Tielemans (captain),"May 7, 1997",29,83,12,Aston Villa
Belgium,,MF,Hans Vanaken,"August 24, 1992",33,32,7,Club Brugge
Belgium,,MF,Amadou Onana,"August 16, 2001",24,27,1,Aston Villa
Belgium,,MF,Nicolas Raskin,"February 23, 2001",25,11,1,Rangers
Belgium,,FW,Romelu Lukaku,"May 13, 1993",33,124,89,Napoli
Belgium,,FW,Leandro Trossard,"December 4, 1994",31,50,11,Arsenal
Belgium,,FW,Jérémy Doku,"May 27, 2002",24,41,7,Manchester City
Belgium,,FW,Dodi Lukébakio,"September 24, 1997",28,29,5,Benfica
Belgium,,FW,Charles De Ketelaere,"March 10, 2001",25,28,5,Atalanta
Belgium,,FW,Alexis Saelemaekers,"June 27, 1999",26,23,2,Milan
Belgium,,FW,Diego Moreira,"August 6, 2004",21,2,0,Strasbourg
Belgium,,FW,Matias Fernandez-Pardo,"February 3, 2005",21,0,0,Lille
Egypt,,GK,Mohamed El Shenawy,"December 18, 1988",37,76,0,Al Ahly
Egypt,,GK,Mostafa Shobeir,"March 17, 2000",26,8,0,Al Ahly
Egypt,,GK,Mohamed Alaa,"January 9, 1999",27,0,0,El Gouna
Egypt,,GK,El Mahdy Soliman,"June 8, 1987",39,0,0,Zamalek
Egypt,,DF,Hamdy Fathy,"September 29, 1994",31,62,3,Al-Wakrah
Egypt,,DF,Ramy Rabia,"May 20, 1993",33,44,5,Al-Ain
Egypt,,DF,Mohamed Hany,"January 25, 1996",30,41,0,Al Ahly
Egypt,,DF,Ahmed Fatouh,"March 22, 1998",28,38,1,Zamalek
Egypt,,DF,Mohamed Abdelmonem,"February 1, 1999",27,35,3,Nice
Egypt,,DF,Yasser Ibrahim,"February 10, 1993",33,16,1,Al Ahly
Egypt,,DF,Hossam Abdelmaguid,"April 30, 2001",25,13,0,Zamalek
Egypt,,DF,Karim Hafez,"March 12, 1996",30,8,0,Pyramids
Egypt,,DF,Tarek Alaa,"January 5, 2002",24,2,0,ZED
Egypt,,MF,Marwan Attia,"August 12, 1998",27,33,1,Al Ahly
Egypt,,MF,Emam Ashour,"February 20, 1998",28,28,0,Al Ahly
Egypt,,MF,Mohanad Lasheen,"May 29, 1996",30,22,0,Pyramids
Egypt,,MF,Mahmoud Saber,"July 30, 2001",24,15,1,ZED
Egypt,,MF,Nabil Emad,"April 6, 1996",30,12,0,Al-Najma
Egypt,,MF,Mostafa Ziko,"April 27, 1997",29,1,1,Pyramids
Egypt,,FW,Mohamed Salah (captain),"June 15, 1992",33,116,67,Liverpool
Egypt,,FW,Trézéguet,"October 1, 1994",31,95,23,Al Ahly
Egypt,,FW,Zizo,"January 10, 1996",30,62,5,Al Ahly
Egypt,,FW,Omar Marmoush,"February 7, 1999",27,48,11,Manchester City
Egypt,,FW,Ibrahim Adel,"April 23, 2001",25,23,3,Nordsjælland
Egypt,,FW,Haissem Hassan,"February 8, 2002",24,3,0,Oviedo
Egypt,,FW,Hamza Abdelkarim,"January 1, 2008",18,1,0,Barcelona
Iran,,GK,Alireza Beiranvand,"September 21, 1992",33,85,0,Tractor
Iran,,GK,Payam Niazmand,"April 6, 1995",31,15,0,Persepolis
Iran,,GK,Hossein Hosseini,"June 30, 1992",33,13,0,Sepahan
Iran,,DF,Ehsan Hajsafi (captain),"February 25, 1990",36,145,7,Sepahan
Iran,,DF,Milad Mohammadi,"September 29, 1993",32,75,1,Persepolis
Iran,,DF,Ramin Rezaeian,"March 21, 1990",36,73,7,Foolad
Iran,,DF,Hossein Kanaanizadegan,"March 23, 1994",32,64,6,Persepolis
Iran,,DF,Shojae Khalilzadeh,"May 14, 1989",37,57,2,Tractor
Iran,,DF,Saleh Hardani,"December 26, 1998",27,17,1,Esteghlal
Iran,,DF,Ali Nemati,"February 7, 1996",30,16,0,Foolad
Iran,,DF,Danial Eiri,"October 26, 2003",22,0,0,Malavan
Iran,,MF,Alireza Jahanbakhsh,"August 11, 1993",32,98,17,Dender
Iran,,MF,Saeid Ezatolahi,"October 1, 1996",29,82,1,Shabab Al-Ahli
Iran,,MF,Saman Ghoddos,"September 6, 1993",32,67,3,Kalba
Iran,,MF,Mehdi Torabi,"September 10, 1994",31,52,7,Tractor
Iran,,MF,Rouzbeh Cheshmi,"July 24, 1993",32,40,3,Esteghlal
Iran,,MF,Mohammad Mohebi,"December 20, 1998",27,36,14,Rostov
Iran,,MF,Mehdi Ghayedi,"December 5, 1998",27,29,10,Al-Nasr
Iran,,MF,Mohammad Ghorbani,"May 21, 2001",25,15,0,Al-Wahda
Iran,,MF,Aria Yousefi,"April 22, 2002",24,13,1,Sepahan
Iran,,MF,Amirmohammad Razzaghinia,"April 11, 2006",20,3,0,Esteghlal
Iran,,FW,Mehdi Taremi,"July 18, 1992",33,104,60,Olympiacos
Iran,,FW,Shahriyar Moghanlou,"December 21, 1994",31,20,2,Kalba
Iran,,FW,Amirhossein Hosseinzadeh,"October 30, 2000",25,17,5,Tractor
Iran,,FW,Ali Alipour,"November 11, 1995",30,13,1,Persepolis
Iran,,FW,Dennis Eckert,"January 9, 1997",29,0,0,Standard Liège
New Zealand,1,GK,Max Crocombe,"August 12, 1993",32,22,0,Millwall
New Zealand,2,DF,Tim Payne,"January 10, 1994",32,49,3,Wellington Phoenix
New Zealand,3,DF,Francis de Vries,"November 28, 1994",31,18,1,Auckland FC
New Zealand,4,DF,Tyler Bindon,"January 27, 2005",21,23,3,Sheffield United
New Zealand,5,DF,Michael Boxall,"August 18, 1988",37,61,1,Minnesota United FC
New Zealand,6,MF,Joe Bell,"April 27, 1999",27,31,1,Viking
New Zealand,7,MF,Matthew Garbett,"April 13, 2002",24,35,5,Peterborough United
New Zealand,8,MF,Marko Stamenić,"February 19, 2002",24,37,3,Swansea City
New Zealand,9,FW,Chris Wood (captain),"December 7, 1991",34,88,45,Nottingham Forest
New Zealand,10,MF,Sarpreet Singh,"February 20, 1999",27,26,3,Wellington Phoenix
New Zealand,11,MF,Elijah Just,"May 1, 2000",26,42,9,Motherwell
New Zealand,12,GK,Alex Paulsen,"July 4, 2002",23,6,0,Lechia Gdańsk
New Zealand,13,DF,Liberato Cacace,"September 27, 2000",25,35,1,Wrexham
New Zealand,14,MF,Alex Rufer,"June 12, 1996",29,24,0,Wellington Phoenix
New Zealand,15,DF,Nando Pijnaker,"February 25, 1999",27,23,0,Auckland FC
New Zealand,16,DF,Finn Surman,"September 23, 2003",22,17,2,Portland Timbers
New Zealand,17,FW,Kosta Barbarouses,"February 19, 1990",36,74,10,Western Sydney Wanderers
New Zealand,18,FW,Ben Waine,"June 11, 2001",25,30,9,Port Vale
New Zealand,19,MF,Ben Old,"August 13, 2002",23,22,2,Saint-Étienne
New Zealand,20,MF,Callum McCowatt,"April 30, 1999",27,30,4,Silkeborg
New Zealand,21,FW,Jesse Randall,"August 19, 2002",23,9,2,Auckland FC
New Zealand,22,GK,Michael Woud,"January 16, 1999",27,6,0,Auckland FC
New Zealand,23,MF,Ryan Thomas,"December 20, 1994",31,25,3,PEC Zwolle
New Zealand,24,DF,Callan Elliot,"July 7, 1999",26,9,0,Auckland FC
New Zealand,25,MF,Lachlan Bayliss,"July 24, 2002",23,2,0,Newcastle Jets
New Zealand,26,DF,Tommy Smith,"March 31, 1990",36,56,2,Braintree Town
Cape Verde,,GK,Vozinha,"June 3, 1986",40,85,0,Chaves
Cape Verde,,GK,Márcio Rosa,"February 23, 1997",29,10,0,Montana
Cape Verde,,GK,CJ dos Santos,"August 24, 2000",25,0,0,San Diego FC
Cape Verde,,DF,Stopira,"May 20, 1988",38,60,4,Torreense
Cape Verde,,DF,Roberto Lopes,"June 17, 1992",33,44,0,Shamrock Rovers
Cape Verde,,DF,João Paulo,"May 26, 1998",28,40,1,FCSB
Cape Verde,,DF,Diney,"January 17, 1995",31,29,2,Al-Bataeh
Cape Verde,,DF,Logan Costa,"April 1, 2001",25,26,0,Villarreal
Cape Verde,,DF,Steven Moreira,"August 13, 1994",31,18,0,Columbus Crew
Cape Verde,,DF,Wagner Pina,"November 3, 2002",23,12,0,Trabzonspor
Cape Verde,,DF,Sidny Lopes Cabral,"September 18, 2003",22,8,3,Benfica
Cape Verde,,DF,Kelvin Pires,"June 5, 2000",26,4,1,SJK
Cape Verde,,MF,Jamiro Monteiro,"November 23, 1993",32,53,5,PEC Zwolle
Cape Verde,,MF,Kevin Pina,"January 27, 1997",29,30,2,Krasnodar
Cape Verde,,MF,Deroy Duarte,"July 4, 1999",26,30,0,Ludogorets Razgrad
Cape Verde,,MF,Telmo Arcanjo,"June 21, 2001",24,14,1,Vitória de Guimarães
Cape Verde,,MF,Laros Duarte,"February 28, 1997",29,12,0,Puskás Akadémia
Cape Verde,,MF,Yannick Semedo,"December 29, 1995",30,10,1,Farense
Cape Verde,,FW,Ryan Mendes (captain),"January 8, 1990",36,94,22,Iğdır
Cape Verde,,FW,Garry Rodrigues,"November 27, 1990",35,59,9,Apollon Limassol
Cape Verde,,FW,Willy Semedo,"April 27, 1994",32,36,2,Omonia
Cape Verde,,FW,Jovane Cabral,"June 14, 1998",27,25,2,Estrela Amadora
Cape Verde,,FW,Gilson Benchimol,"December 29, 2001",24,21,5,Akron Tolyatti
Cape Verde,,FW,Dailon Livramento,"May 4, 2001",25,20,7,Casa Pia
Cape Verde,,FW,Hélio Varela,"May 3, 2002",24,19,0,Maccabi Tel Aviv
Cape Verde,,FW,Nuno da Costa,"February 10, 1991",35,7,1,İstanbul Başakşehir
Saudi Arabia,,GK,Mohammed Al-Owais,"October 10, 1991",34,63,0,Al-Ula
Saudi Arabia,,GK,Nawaf Al-Aqidi,"May 10, 2000",26,22,0,Al-Nassr
Saudi Arabia,,GK,Ahmed Al-Kassar,"May 8, 1991",35,8,0,Al-Qadsiah
Saudi Arabia,,DF,Saud Abdulhamid,"July 18, 1999",26,53,1,Lens
Saudi Arabia,,DF,Hassan Al-Tambakti,"February 9, 1999",27,51,0,Al-Hilal
Saudi Arabia,,DF,Abdulelah Al-Amri,"January 15, 1997",29,41,1,Al-Nassr
Saudi Arabia,,DF,Nawaf Boushal,"September 16, 1999",26,24,0,Al-Nassr
Saudi Arabia,,DF,Ali Lajami,"April 24, 1996",30,20,1,Al-Hilal
Saudi Arabia,,DF,Ali Majrashi,"October 2, 1999",26,20,0,Al-Ahli
Saudi Arabia,,DF,Hassan Kadesh,"September 27, 1992",33,19,2,Al-Ittihad
Saudi Arabia,,DF,Moteb Al-Harbi,"February 20, 2000",26,11,0,Al-Hilal
Saudi Arabia,,DF,Jehad Thakri,"July 21, 2001",24,6,0,Al-Qadsiah
Saudi Arabia,,DF,Mohammed Abu Al-Shamat,"August 11, 2002",23,5,0,Al-Qadsiah
Saudi Arabia,,MF,Salem Al-Dawsari (captain),"August 19, 1991",34,108,26,Al-Hilal
Saudi Arabia,,MF,Mohamed Kanno,"September 22, 1994",31,75,8,Al-Hilal
Saudi Arabia,,MF,Nasser Al-Dawsari,"December 19, 1998",27,42,0,Al-Hilal
Saudi Arabia,,MF,Abdullah Al-Khaibari,"August 16, 1996",29,38,0,Al-Nassr
Saudi Arabia,,MF,Musab Al-Juwayr,"June 20, 2003",22,33,6,Al-Qadsiah
Saudi Arabia,,MF,Ayman Yahya,"May 14, 2001",25,25,0,Al-Nassr
Saudi Arabia,,MF,Ziyad Al-Johani,"November 11, 2001",24,11,0,Al-Ahli
Saudi Arabia,,MF,Sultan Mandash,"October 17, 1994",31,5,1,Al-Hilal
Saudi Arabia,,MF,Alaa Al-Hejji,"December 3, 1995",30,1,0,Neom
Saudi Arabia,,FW,Firas Al-Buraikan,"May 14, 2000",26,69,15,Al-Ahli
Saudi Arabia,,FW,Saleh Al-Shehri,"November 1, 1993",32,55,18,Al-Ittihad
Saudi Arabia,,FW,Abdullah Al-Hamdan,"September 13, 1999",26,48,11,Al-Nassr
Saudi Arabia,,FW,Khalid Al-Ghannam,"November 8, 2000",25,5,0,Al-Ettifaq
Spain,1,GK,David Raya,"September 15, 1995",30,12,0,Arsenal
Spain,2,DF,Marc Pubill,"June 20, 2003",22,0,0,Atlético Madrid
Spain,3,DF,Álex Grimaldo,"September 20, 1995",30,12,0,Bayer Leverkusen
Spain,4,DF,Eric García,"January 9, 2001",25,19,0,Barcelona
Spain,5,DF,Marcos Llorente,"January 30, 1995",31,23,0,Atlético Madrid
Spain,6,MF,Mikel Merino,"June 22, 1996",29,41,10,Arsenal
Spain,7,FW,Ferran Torres,"February 29, 2000",26,55,23,Barcelona
Spain,8,MF,Fabián Ruiz,"April 3, 1996",30,41,6,Paris Saint-Germain
Spain,9,MF,Gavi,"August 5, 2004",21,28,5,Barcelona
Spain,10,FW,Dani Olmo,"May 7, 1998",28,48,12,Barcelona
Spain,11,FW,Yéremy Pino,"October 20, 2002",23,21,4,Crystal Palace
Spain,12,DF,Pedro Porro,"September 13, 1999",26,16,0,Tottenham Hotspur
Spain,13,GK,Joan Garcia,"May 4, 2001",25,1,0,Barcelona
Spain,14,DF,Aymeric Laporte,"May 27, 1994",32,44,2,Athletic Bilbao
Spain,15,MF,Álex Baena,"July 20, 2001",24,15,2,Atlético Madrid
Spain,16,MF,Rodri (captain),"June 22, 1996",29,61,4,Manchester City
Spain,17,FW,Nico Williams,"July 12, 2002",23,30,6,Athletic Bilbao
Spain,18,MF,Martín Zubimendi,"February 2, 1999",27,25,3,Arsenal
Spain,19,FW,Lamine Yamal,"July 13, 2007",18,25,6,Barcelona
Spain,20,MF,Pedri,"November 25, 2002",23,40,5,Barcelona
Spain,21,FW,Mikel Oyarzabal,"April 21, 1997",29,52,24,Real Sociedad
Spain,22,DF,Pau Cubarsí,"January 22, 2007",19,11,0,Barcelona
Spain,23,GK,Unai Simón,"June 11, 1997",29,57,0,Athletic Bilbao
Spain,24,DF,Marc Cucurella,"July 22, 1998",27,23,1,Chelsea
Spain,25,FW,Víctor Muñoz,"July 13, 2003",22,2,1,Osasuna
Spain,26,FW,Borja Iglesias,"January 17, 1993",33,6,0,Celta Vigo
Uruguay,,GK,Fernando Muslera,"June 16, 1986",39,134,0,Estudiantes
Uruguay,,GK,Sergio Rochet,"March 23, 1993",33,35,0,Internacional
Uruguay,,GK,Santiago Mele,"September 6, 1997",28,8,0,Monterrey
Uruguay,,DF,José María Giménez (captain),"January 20, 1995",31,99,8,Atlético Madrid
Uruguay,,DF,Matías Viña,"November 9, 1997",28,43,1,River Plate
Uruguay,,DF,Mathías Olivera,"October 31, 1997",28,35,2,Napoli
Uruguay,,DF,Guillermo Varela,"March 24, 1993",33,28,0,Flamengo
Uruguay,,DF,Ronald Araújo,"March 7, 1999",27,27,1,Barcelona
Uruguay,,DF,Sebastián Cáceres,"August 18, 1999",26,24,0,América
Uruguay,,DF,Joaquín Piquerez,"August 24, 1998",27,19,0,Palmeiras
Uruguay,,DF,Santiago Bueno,"November 9, 1998",27,8,0,Wolverhampton Wanderers
Uruguay,,MF,Rodrigo Bentancur,"June 25, 1997",28,74,3,Tottenham Hotspur
Uruguay,,MF,Federico Valverde,"July 22, 1998",27,73,9,Real Madrid
Uruguay,,MF,Giorgian de Arrascaeta,"June 1, 1994",32,60,13,Flamengo
Uruguay,,MF,Facundo Pellistri,"December 20, 2001",24,39,2,Panathinaikos
Uruguay,,MF,Manuel Ugarte,"April 11, 2001",25,36,1,Manchester United
Uruguay,,MF,Nicolás de la Cruz,"June 1, 1997",29,34,5,Flamengo
Uruguay,,MF,Brian Rodríguez,"May 20, 2000",26,32,4,América
Uruguay,,MF,Maximiliano Araújo,"February 15, 2000",26,28,3,Sporting CP
Uruguay,,MF,Agustín Canobbio,"October 1, 1998",27,15,1,Fluminense
Uruguay,,MF,Emiliano Martínez,"August 17, 1999",26,10,0,Palmeiras
Uruguay,,MF,Rodrigo Zalazar,"August 12, 1999",26,8,2,Braga
Uruguay,,MF,Juan Manuel Sanabria,"March 29, 2000",26,5,1,Real Salt Lake
Uruguay,,FW,Darwin Núñez,"June 24, 1999",26,38,13,Al-Hilal
Uruguay,,FW,Federico Viñas,"June 30, 1998",27,11,2,Oviedo
Uruguay,,FW,Rodrigo Aguirre,"October 1, 1994",31,10,3,UANL
France,1,GK,Brice Samba,"April 25, 1994",32,4,0,Rennes
France,2,DF,Malo Gusto,"May 19, 2003",23,9,0,Chelsea
France,3,DF,Lucas Digne,"July 20, 1993",32,56,0,Aston Villa
France,4,DF,Dayot Upamecano,"October 27, 1998",27,36,2,Bayern Munich
France,5,DF,Jules Koundé,"November 12, 1998",27,46,0,Barcelona
France,6,MF,Manu Koné,"May 17, 2001",25,12,0,Roma
France,7,FW,Ousmane Dembélé,"May 15, 1997",29,58,7,Paris Saint-Germain
France,8,MF,Aurélien Tchouaméni,"January 27, 2000",26,44,3,Real Madrid
France,9,FW,Marcus Thuram,"August 6, 1997",28,33,3,Inter Milan
France,10,FW,Kylian Mbappé (captain),"December 20, 1998",27,96,56,Real Madrid
France,11,FW,Michael Olise,"December 12, 2001",24,15,4,Bayern Munich
France,12,FW,Bradley Barcola,"September 2, 2002",23,18,3,Paris Saint-Germain
France,13,MF,N'Golo Kanté,"March 29, 1991",35,67,2,Fenerbahçe
France,14,MF,Adrien Rabiot,"April 3, 1995",31,57,7,Milan
France,15,DF,Ibrahima Konaté,"May 25, 1999",27,27,0,Liverpool
France,16,GK,Mike Maignan,"July 3, 1995",30,38,0,Milan
France,17,DF,William Saliba,"March 24, 2001",25,31,0,Arsenal
France,18,MF,Warren Zaïre-Emery,"March 8, 2006",20,10,1,Paris Saint-Germain
France,19,DF,Théo Hernandez,"October 6, 1997",28,42,2,Al-Hilal
France,20,FW,Désiré Doué,"June 3, 2005",21,6,2,Paris Saint-Germain
France,21,DF,Lucas Hernandez,"February 14, 1996",30,41,0,Paris Saint-Germain
France,22,FW,Jean-Philippe Mateta,"June 28, 1997",28,3,2,Crystal Palace
France,23,GK,Robin Risser,"December 2, 2004",21,0,0,Lens
France,24,FW,Rayan Cherki,"August 17, 2003",22,5,1,Manchester City
France,25,FW,Maghnes Akliouche,"February 25, 2002",24,7,1,Monaco
France,26,DF,Maxence Lacroix,"April 6, 2000",26,2,0,Crystal Palace
Iraq,,GK,Jalal Hassan (captain),"May 18, 1991",35,100,0,Al-Zawraa
Iraq,,GK,Fahad Talib,"October 21, 1994",31,21,0,Al-Talaba
Iraq,,GK,Ahmed Basil,"August 19, 1996",29,14,0,Al-Shorta
Iraq,,DF,Rebin Sulaka,"April 12, 1992",34,54,1,Port
Iraq,,DF,Manaf Younis,"November 16, 1996",29,32,1,Al-Shorta
Iraq,,DF,Merchas Doski,"December 7, 1999",26,30,0,Viktoria Plzeň
Iraq,,DF,Zaid Tahseen,"January 29, 2001",25,26,1,Pakhtakor
Iraq,,DF,Frans Putros,"July 14, 1993",32,26,0,Persib
Iraq,,DF,Hussein Ali,"March 1, 2002",24,25,1,Pogoń Szczecin
Iraq,,DF,Ahmed Yahya,"July 1, 1995",30,19,0,Al-Shorta
Iraq,,DF,Mustafa Saadoon,"May 25, 2001",25,15,0,Al-Shorta
Iraq,,DF,Akam Hashim,"August 16, 1998",27,12,1,Al-Zawraa
Iraq,,MF,Ibrahim Bayesh,"May 1, 2000",26,74,8,Al-Dhafra
Iraq,,MF,Amir Al-Ammari,"July 27, 1997",28,49,3,Cracovia
Iraq,,MF,Ali Jasim,"January 20, 2004",22,35,2,Al-Najma
Iraq,,MF,Youssef Amyn,"August 21, 2003",22,25,2,AEK Larnaca
Iraq,,MF,Zidane Iqbal,"April 27, 2003",23,23,2,Utrecht
Iraq,,MF,Marko Farji,"March 16, 2004",22,10,0,Venezia
Iraq,,MF,Kevin Yakob,"October 10, 2000",25,7,0,AGF
Iraq,,MF,Aimar Sher,"December 20, 2002",23,6,0,Sarpsborg 08
Iraq,,MF,Zaid Ismail,"January 3, 2002",24,5,0,Al-Talaba
Iraq,,MF,Ahmed Qasem,"July 12, 2003",22,1,0,Nashville SC
Iraq,,FW,Aymen Hussein,"March 22, 1996",30,93,33,Al-Karma
Iraq,,FW,Mohanad Ali,"June 20, 2000",25,71,27,Dibba
Iraq,,FW,Ali Al-Hamadi,"March 1, 2002",24,18,5,Luton Town
Iraq,,FW,Ali Yousif,"January 19, 1996",30,6,1,Al-Talaba
Norway,1,GK,Ørjan Nyland,"September 10, 1990",35,69,0,Sevilla
Norway,2,MF,Morten Thorsby,"May 5, 1996",30,30,0,Cremonese
Norway,3,DF,Kristoffer Ajer,"April 17, 1998",28,50,2,Brentford
Norway,4,DF,Leo Østigård,"November 28, 1999",26,36,1,Genoa
Norway,5,DF,David Møller Wolfe,"April 23, 2002",24,20,1,Wolverhampton Wanderers
Norway,6,MF,Patrick Berg,"November 24, 1997",28,41,0,Bodø/Glimt
Norway,7,FW,Alexander Sørloth,"December 5, 1995",30,70,26,Atlético Madrid
Norway,8,MF,Sander Berge,"February 14, 1998",28,64,1,Fulham
Norway,9,FW,Erling Haaland,"July 21, 2000",25,49,55,Manchester City
Norway,10,MF,Martin Ødegaard (captain),"December 17, 1998",27,67,4,Arsenal
Norway,11,FW,Jørgen Strand Larsen,"February 6, 2000",26,26,4,Crystal Palace
Norway,12,GK,Sander Tangvik,"November 29, 2002",23,0,0,Hamburger SV
Norway,13,GK,Egil Selvik,"July 30, 1997",28,6,0,Watford
Norway,14,MF,Fredrik Aursnes,"December 10, 1995",30,20,1,Benfica
Norway,15,DF,Fredrik André Bjørkan,"August 21, 1998",27,19,1,Bodø/Glimt
Norway,16,DF,Marcus Holmgren Pedersen,"July 16, 2000",25,31,0,Torino
Norway,17,DF,Torbjørn Heggem,"January 12, 1999",27,13,0,Bologna
Norway,18,MF,Kristian Thorstvedt,"March 13, 1999",27,35,4,Sassuolo
Norway,19,MF,Thelo Aasgaard,"May 2, 2002",24,6,5,Rangers
Norway,20,MF,Antonio Nusa,"April 17, 2005",21,22,7,RB Leipzig
Norway,21,MF,Andreas Schjelderup,"June 1, 2004",22,10,1,Benfica
Norway,22,MF,Oscar Bobb,"July 12, 2003",22,18,2,Fulham
Norway,23,MF,Jens Petter Hauge,"October 12, 1999",26,14,1,Bodø/Glimt
Norway,24,DF,Sondre Langås,"February 2, 2001",25,2,0,Derby County
Norway,25,DF,Henrik Falchener,"May 8, 2003",23,1,0,Viking
Norway,26,DF,Julian Ryerson,"November 17, 1997",28,41,1,Borussia Dortmund
Senegal,,GK,Édouard Mendy,"March 1, 1992",34,56,0,Al-Ahli
Senegal,,GK,Mory Diaw,"June 22, 1993",32,5,0,Le Havre
Senegal,,GK,Yehvann Diouf,"November 16, 1999",26,2,0,Nice
Senegal,,DF,Kalidou Koulibaly (captain),"June 20, 1991",34,102,2,Al-Hilal
Senegal,,DF,Krépin Diatta,"February 25, 1999",27,60,2,Monaco
Senegal,,DF,Moussa Niakhaté,"March 8, 1996",30,30,0,Lyon
Senegal,,DF,Ismail Jakobs,"August 17, 1999",26,29,0,Galatasaray
Senegal,,DF,Abdoulaye Seck,"June 4, 1992",34,22,4,Maccabi Haifa
Senegal,,DF,El Hadji Malick Diouf,"December 28, 2004",21,19,1,West Ham United
Senegal,,DF,Mamadou Sarr,"August 29, 2005",20,7,0,Chelsea
Senegal,,DF,Antoine Mendy,"May 27, 2004",22,6,0,Nice
Senegal,,DF,Ilay Camara,"January 18, 2003",23,3,0,Anderlecht
Senegal,,DF,Moustapha Mbow,"March 8, 2000",26,0,0,Paris FC
Senegal,,MF,Idrissa Gueye,"September 26, 1989",36,130,7,Everton
Senegal,,MF,Pape Gueye,"January 24, 1999",27,41,5,Villarreal
Senegal,,MF,Pape Matar Sarr,"September 14, 2002",23,39,4,Tottenham Hotspur
Senegal,,MF,Lamine Camara,"January 1, 2004",22,32,7,Monaco
Senegal,,MF,Pathé Ciss,"March 16, 1994",32,29,0,Rayo Vallecano
Senegal,,MF,Habib Diarra,"January 3, 2004",22,20,4,Sunderland
Senegal,,MF,Bara Sapoko Ndiaye,"December 31, 2007",18,1,0,Bayern Munich
Senegal,,FW,Sadio Mané,"April 10, 1992",34,127,55,Al-Nassr
Senegal,,FW,Ismaïla Sarr,"February 25, 1998",28,82,19,Crystal Palace
Senegal,,FW,Iliman Ndiaye,"March 6, 2000",26,39,4,Everton
Senegal,,FW,Nicolas Jackson,"June 20, 2001",24,32,8,Bayern Munich
Senegal,,FW,Bamba Dieng,"March 23, 2000",26,22,2,Lorient
Senegal,,FW,Cherif Ndiaye,"January 23, 1996",30,18,4,Samsunspor
Senegal,,FW,Ibrahim Mbaye,"January 24, 2008",18,10,3,Paris Saint-Germain
Senegal,,FW,Assane Diao,"December 7, 2005",20,5,0,Como
Algeria,,GK,Luca Zidane,"May 13, 1998",28,6,0,Granada
Algeria,,GK,Oussama Benbot,"October 11, 1994",31,2,0,USM Alger
Algeria,,GK,Melvin Mastil,"February 19, 2000",26,1,0,Stade Nyonnais
Algeria,,DF,Aïssa Mandi,"October 22, 1991",34,116,7,Lille
Algeria,,DF,Ramy Bensebaini,"April 16, 1995",31,81,7,Borussia Dortmund
Algeria,,DF,Mohamed Amine Tougai,"January 22, 2000",26,28,2,Espérance de Tunis
Algeria,,DF,Rayan Aït-Nouri,"June 6, 2001",25,27,0,Manchester City
Algeria,,DF,Jaouen Hadjam,"March 26, 2003",23,16,3,Young Boys
Algeria,,DF,Rafik Belghali,"June 7, 2002",24,11,1,Hellas Verona
Algeria,,DF,Zineddine Belaïd,"March 20, 1999",27,9,1,JS Kabylie
Algeria,,DF,Achref Abada,"June 15, 1999",26,6,1,USM Alger
Algeria,,DF,Samir Chergui,"February 6, 1999",27,4,0,Paris FC
Algeria,,MF,Nabil Bentaleb,"November 24, 1994",31,58,6,Lille
Algeria,,MF,Ramiz Zerrouki,"May 26, 1998",28,51,3,Twente
Algeria,,MF,Hicham Boudaoui,"September 23, 1999",26,32,0,Nice
Algeria,,MF,Farès Chaïbi,"November 28, 2002",23,28,3,Eintracht Frankfurt
Algeria,,MF,Houssem Aouar,"June 30, 1998",27,19,6,Al-Ittihad
Algeria,,MF,Ibrahim Maza,"November 24, 2005",20,15,2,Bayer Leverkusen
Algeria,,MF,Yacine Titraoui,"July 26, 2003",22,5,0,Charleroi
Algeria,,FW,Riyad Mahrez (captain),"February 21, 1991",35,113,38,Al-Ahli
Algeria,,FW,Mohamed Amoura,"May 9, 2000",26,44,19,VfL Wolfsburg
Algeria,,FW,Amine Gouiri,"February 16, 2000",26,21,8,Marseille
Algeria,,FW,Anis Hadj Moussa,"February 11, 2002",24,13,0,Feyenoord
Algeria,,FW,Adil Boulbina,"May 2, 2003",23,10,6,Al-Duhail
Algeria,,FW,Nadhir Benbouali,"April 17, 2000",26,2,1,Győri ETO
Algeria,,FW,Farès Ghedjemis,"September 6, 2002",23,1,1,Frosinone
Argentina,1,GK,Juan Musso,"May 6, 1994",32,3,0,Atlético Madrid
Argentina,2,DF,Leonardo Balerdi,"January 26, 1999",27,11,0,Marseille
Argentina,3,DF,Nicolás Tagliafico,"August 31, 1992",33,75,1,Lyon
Argentina,4,DF,Gonzalo Montiel,"January 1, 1997",29,38,2,River Plate
Argentina,5,MF,Leandro Paredes,"June 29, 1994",31,77,5,Boca Juniors
Argentina,6,DF,Lisandro Martínez,"January 18, 1998",28,26,1,Manchester United
Argentina,7,MF,Rodrigo De Paul,"May 24, 1994",32,85,2,Inter Miami CF
Argentina,8,MF,Valentín Barco,"July 23, 2004",21,2,1,Strasbourg
Argentina,9,FW,Julián Alvarez,"January 31, 2000",26,51,14,Atlético Madrid
Argentina,10,FW,Lionel Messi (captain),"June 24, 1987",38,198,116,Inter Miami CF
Argentina,11,MF,Giovani Lo Celso,"April 9, 1996",30,65,4,Real Betis
Argentina,12,GK,Gerónimo Rulli,"May 20, 1992",34,7,0,Marseille
Argentina,13,DF,Cristian Romero,"April 27, 1998",28,49,3,Tottenham Hotspur
Argentina,14,MF,Exequiel Palacios,"October 5, 1998",27,38,0,Bayer Leverkusen
Argentina,15,FW,Nicolás González,"April 6, 1998",28,50,6,Atlético Madrid
Argentina,16,FW,Thiago Almada,"April 26, 2001",25,14,4,Atlético Madrid
Argentina,17,FW,Giuliano Simeone,"December 18, 2002",23,11,1,Atlético Madrid
Argentina,18,FW,Nico Paz,"September 8, 2004",21,8,1,Como
Argentina,19,DF,Nicolás Otamendi,"February 12, 1988",38,130,8,Benfica
Argentina,20,MF,Alexis Mac Allister,"December 24, 1998",27,44,6,Liverpool
Argentina,21,FW,José Manuel López,"December 6, 2000",25,3,0,Palmeiras
Argentina,22,FW,Lautaro Martínez,"August 22, 1997",28,75,36,Inter Milan
Argentina,23,GK,Emiliano Martínez,"September 2, 1992",33,59,0,Aston Villa
Argentina,24,MF,Enzo Fernández,"January 17, 2001",25,40,6,Chelsea
Argentina,25,DF,Facundo Medina,"May 28, 1999",27,7,0,Marseille
Argentina,26,DF,Nahuel Molina,"April 6, 1998",28,58,1,Atlético Madrid
Austria,1,GK,Alexander Schlager,"February 1, 1996",30,25,0,Red Bull Salzburg
Austria,2,DF,David Affengruber,"March 19, 2001",25,1,0,Elche
Austria,3,DF,Kevin Danso,"September 19, 1998",27,31,0,Tottenham Hotspur
Austria,4,MF,Xaver Schlager,"September 28, 1997",28,50,4,RB Leipzig
Austria,5,DF,Stefan Posch,"May 14, 1997",29,51,5,Mainz 05
Austria,6,MF,Nicolas Seiwald,"May 4, 2001",25,46,1,RB Leipzig
Austria,7,FW,Marko Arnautović,"April 19, 1989",37,132,47,Red Star Belgrade
Austria,8,DF,David Alaba (captain),"June 24, 1992",33,112,15,Real Madrid
Austria,9,MF,Marcel Sabitzer,"March 17, 1994",32,97,25,Borussia Dortmund
Austria,10,MF,Florian Grillitsch,"August 7, 1995",30,58,1,Braga
Austria,11,FW,Michael Gregoritsch,"April 18, 1994",32,74,24,FC Augsburg
Austria,12,GK,Florian Wiegele,"March 21, 2001",25,1,0,Viktoria Plzeň
Austria,13,GK,Patrick Pentz,"January 2, 1997",29,18,0,Brøndby
Austria,14,FW,Saša Kalajdžić,"July 7, 1997",28,21,4,LASK
Austria,15,DF,Philipp Lienhart,"July 11, 1996",29,40,3,SC Freiburg
Austria,16,DF,Phillipp Mwene,"January 29, 1994",32,29,0,Mainz 05
Austria,17,MF,Carney Chukwuemeka,"October 20, 2003",22,2,1,Borussia Dortmund
Austria,18,MF,Romano Schmid,"January 27, 2000",26,33,3,Werder Bremen
Austria,19,MF,Christoph Baumgartner,"August 1, 1999",26,58,19,RB Leipzig
Austria,20,MF,Konrad Laimer,"May 27, 1997",29,56,7,Bayern Munich
Austria,21,MF,Patrick Wimmer,"May 30, 2001",25,30,1,VfL Wolfsburg
Austria,22,DF,Alexander Prass,"May 26, 2001",25,18,0,TSG Hoffenheim
Austria,23,DF,Marco Friedl,"March 16, 1998",28,10,0,Werder Bremen
Austria,24,MF,Paul Wanner,"December 23, 2005",20,2,0,PSV Eindhoven
Austria,25,DF,Michael Svoboda,"October 15, 1998",27,4,0,Venezia
Austria,26,MF,Alessandro Schöpf,"February 7, 1994",32,35,6,Wolfsberger AC
Jordan,,GK,Yazeed Abulaila,"January 8, 1993",33,75,0,Al-Hussein
Jordan,,GK,Abdallah Al-Fakhouri,"January 22, 2000",26,11,0,Al-Wehdat
Jordan,,GK,Nour Bani Attiah,"January 25, 1993",33,4,0,Al-Faisaly
Jordan,,DF,Ihsan Haddad (captain),"February 5, 1994",32,91,2,Al-Hussein
Jordan,,DF,Yazan Al-Arab,"January 31, 1996",30,79,3,FC Seoul
Jordan,,DF,Abdallah Nasib,"February 25, 1994",32,64,3,Al-Zawraa
Jordan,,DF,Saed Al-Rosan,"February 1, 1997",29,20,2,Al-Hussein
Jordan,,DF,Husam Abu Dahab,"May 13, 2000",26,17,0,Al-Faisaly
Jordan,,DF,Mo Abualnadi,"February 8, 2001",25,17,0,Selangor
Jordan,,DF,Salim Obaid,"January 17, 1992",34,10,0,Al-Hussein
Jordan,,DF,Anas Badawi,"September 13, 1997",28,1,0,Al-Faisaly
Jordan,,MF,Rajaei Ayed,"July 25, 1993",32,72,0,Al-Hussein
Jordan,,MF,Noor Al-Rawabdeh,"February 24, 1997",29,67,3,Selangor
Jordan,,MF,Ibrahim Sadeh,"April 27, 2000",26,56,3,Al-Karma
Jordan,,MF,Mohammad Abu Hashish,"May 9, 1995",31,55,1,Al-Karma
Jordan,,MF,Nizar Al-Rashdan,"March 23, 1999",27,46,4,Qatar SC
Jordan,,MF,Mohannad Abu Taha,"February 2, 2003",23,28,1,Al-Quwa Al-Jawiya
Jordan,,MF,Amer Jamous,"July 3, 2002",23,18,1,Al-Zawraa
Jordan,,MF,Mohammad Al-Dawoud,"December 4, 1992",33,12,1,Al-Wehdat
Jordan,,MF,Yousef Qashi,"April 15, 2005",21,1,0,Al-Hussein
Jordan,,MF,Mohammad Taha,"July 13, 2005",20,0,0,Al-Hussein
Jordan,,FW,Musa Al-Taamari,"June 10, 1997",29,91,24,Rennes
Jordan,,FW,Mahmoud Al-Mardi,"October 6, 1993",32,88,9,Al-Hussein
Jordan,,FW,Ali Olwan,"March 26, 2000",26,65,29,Al-Sailiya
Jordan,,FW,Mohammad Abu Zrayq,"December 30, 1997",28,40,5,Raja Casablanca
Jordan,,FW,Odeh Al-Fakhouri,"November 22, 2005",20,9,1,Pyramids
Jordan,,FW,Ibrahim Sabra,"February 1, 2006",20,9,1,Lokomotiva Zagreb
Jordan,,FW,Ali Azaizeh,"April 13, 2004",22,3,0,Al-Shabab
Colombia,,GK,David Ospina,"August 31, 1988",37,129,0,Atlético Nacional
Colombia,,GK,Camilo Vargas,"March 9, 1989",37,40,0,Atlas
Colombia,,GK,Álvaro Montero,"March 29, 1995",31,11,0,Vélez Sarsfield
Colombia,,DF,Davinson Sánchez,"June 12, 1996",29,77,3,Galatasaray
Colombia,,DF,Santiago Arias,"January 13, 1992",34,66,0,Independiente
Colombia,,DF,Yerry Mina,"September 23, 1994",31,52,8,Cagliari
Colombia,,DF,Daniel Muñoz,"May 26, 1996",30,44,3,Crystal Palace
Colombia,,DF,Johan Mojica,"August 21, 1992",33,43,1,Mallorca
Colombia,,DF,Jhon Lucumí,"June 26, 1998",27,35,1,Bologna
Colombia,,DF,Deiver Machado,"September 2, 1993",32,14,0,Nantes
Colombia,,DF,Willer Ditta,"January 23, 1997",29,3,0,Cruz Azul
Colombia,,MF,James Rodríguez (captain),"July 12, 1991",34,124,31,Minnesota United FC
Colombia,,MF,Jefferson Lerma,"October 25, 1994",31,64,5,Crystal Palace
Colombia,,MF,Juan Fernando Quintero,"January 18, 1993",33,47,6,River Plate
Colombia,,MF,Jhon Arias,"September 21, 1997",28,36,4,Palmeiras
Colombia,,MF,Richard Ríos,"June 2, 2000",26,30,2,Benfica
Colombia,,MF,Kevin Castaño,"September 29, 2000",25,24,0,River Plate
Colombia,,MF,Jorge Carrascal,"May 25, 1998",28,22,2,Flamengo
Colombia,,MF,Jaminton Campaz,"May 24, 2000",26,9,1,Rosario Central
Colombia,,MF,Juan Portilla,"September 12, 1998",27,8,0,Athletico Paranaense
Colombia,,MF,Gustavo Puerta,"July 26, 2003",22,4,1,Racing Santander
Colombia,,FW,Luis Díaz,"January 13, 1997",29,72,21,Bayern Munich
Colombia,,FW,Jhon Córdoba,"May 11, 1993",33,21,6,Krasnodar
Colombia,,FW,Luis Suárez,"December 2, 1997",28,10,4,Sporting CP
Colombia,,FW,Cucho Hernández,"April 20, 1999",27,7,2,Real Betis
Colombia,,FW,Andrés Gómez,"September 12, 2002",23,6,2,Vasco da Gama
DR Congo,,GK,Lionel Mpasi,"August 1, 1994",31,27,0,Le Havre
DR Congo,,GK,Timothy Fayulu,"July 24, 1999",26,3,0,Noah
DR Congo,,GK,Matthieu Epolo,"January 15, 2005",21,1,0,Standard Liège
DR Congo,,DF,Chancel Mbemba (captain),"August 8, 1994",31,107,7,Lille
DR Congo,,DF,Arthur Masuaku,"November 7, 1993",32,44,4,Lens
DR Congo,,DF,Gédéon Kalulu,"August 29, 1997",28,27,0,Aris Limassol
DR Congo,,DF,Joris Kayembe,"August 8, 1994",31,24,0,Genk
DR Congo,,DF,Dylan Batubinsika,"February 15, 1996",30,14,1,AEL
DR Congo,,DF,Axel Tuanzebe,"November 14, 1997",28,12,1,Burnley
DR Congo,,DF,Aaron Wan-Bissaka,"November 26, 1997",28,10,0,West Ham United
DR Congo,,DF,Steve Kapuadi,"April 30, 1998",28,3,0,Widzew Łódź
DR Congo,,MF,Samuel Moutoussamy,"August 12, 1996",29,56,0,Atromitos
DR Congo,,MF,Edo Kayembe,"June 3, 1998",28,41,2,Watford
DR Congo,,MF,Charles Pickel,"May 15, 1997",29,33,1,Espanyol
DR Congo,,MF,Gaël Kakuta,"June 21, 1991",34,30,5,AEL
DR Congo,,MF,Noah Sadiki,"December 17, 2004",21,18,0,Sunderland
DR Congo,,MF,Aaron Tshibola,"January 2, 1995",31,16,1,Kilmarnock
DR Congo,,MF,Ngal'ayel Mukau,"November 3, 2004",21,12,0,Lille
DR Congo,,MF,Brian Cipenga,"March 11, 1998",28,7,0,Castellón
DR Congo,,FW,Cédric Bakambu,"April 11, 1991",35,68,21,Real Betis
DR Congo,,FW,Meschak Elia,"August 6, 1997",28,68,12,Alanyaspor
DR Congo,,FW,Théo Bongonda,"November 20, 1995",30,37,7,Spartak Moscow
DR Congo,,FW,Fiston Mayele,"June 24, 1994",31,37,6,Pyramids
DR Congo,,FW,Yoane Wissa,"September 3, 1996",29,36,9,Newcastle United
DR Congo,,FW,Nathanaël Mbuku,"March 16, 2002",24,17,2,Montpellier
DR Congo,,FW,Simon Banza,"August 13, 1996",29,14,2,Al-Jazira
